cliente_id,evento_num,tipo,pais,device,valor,hora,fase_critica,fraude
0,0,compra_negada,BR,desktop_habitual,226.71,18,0,0
0,1,login,BR,celular_habitual,341.77,9,0,0
0,2,consulta_saldo,BR,desktop_habitual,0.0,19,0,0
0,3,login,US,celular_habitual,0.0,17,0,0
0,4,transferencia,BR,celular_habitual,0.0,17,0,0
0,5,compra,BR,desktop_habitual,358.96,13,0,0
0,6,consulta_saldo,BR,desktop_habitual,132.44,14,0,0
0,7,consulta_saldo,BR,desktop_habitual,291.77,18,0,0
0,8,login,DE,celular_habitual,0.0,8,0,0
1,0,consulta_saldo,BR,celular_habitual,0.0,19,0,1
1,1,compra,BR,celular_habitual,471.22,10,0,1
1,2,consulta_saldo,BR,celular_habitual,55.78,20,0,1
1,3,login,BR,desktop_habitual,485.94,12,0,1
1,4,compra_negada,US,dispositivo_desconhecido,5322.8,1,1,1
1,5,troca_senha,DE,dispositivo_desconhecido,5538.36,0,1,1
2,0,compra,BR,celular_habitual,403.39,14,0,0
2,1,login,BR,desktop_habitual,0.0,22,0,0
2,2,transferencia,AR,celular_habitual,0.0,22,0,0
2,3,saque,BR,celular_habitual,482.18,13,0,0
2,4,consulta_saldo,BR,celular_habitual,449.81,21,0,0
2,5,login,BR,celular_habitual,115.06,14,0,0
2,6,login,BR,celular_habitual,0.0,8,0,0
2,7,transferencia,BR,celular_habitual,107.12,11,0,0
2,8,consulta_saldo,BR,celular_habitual,0.0,22,0,0
2,9,transferencia,BR,celular_habitual,211.79,21,0,0
3,0,consulta_saldo,JP,celular_habitual,169.65,10,0,0
3,1,login,BR,celular_habitual,139.27,14,0,0
3,2,transferencia,BR,desktop_habitual,48.95,7,0,0
3,3,compra_negada,US,desktop_habitual,0.0,22,0,0
3,4,compra,BR,desktop_habitual,0.0,7,0,0
4,0,login,BR,celular_habitual,478.66,22,0,0
4,1,login,BR,celular_novo,271.1,17,0,0
4,2,login,BR,celular_habitual,78.72,9,0,0
4,3,transferencia,BR,celular_habitual,201.89,14,0,0
4,4,compra,BR,celular_habitual,282.61,17,0,0
4,5,saque,BR,desktop_habitual,0.0,19,0,0
4,6,login,BR,celular_habitual,467.87,7,0,0
4,7,compra,DE,dispositivo_desconhecido,0.0,13,0,0
4,8,compra,BR,celular_habitual,0.0,14,0,0
4,9,compra,BR,desktop_habitual,305.84,7,0,0
4,10,consulta_saldo,BR,desktop_habitual,0.0,11,0,0
5,0,login,BR,celular_habitual,0.0,13,0,0
5,1,consulta_saldo,BR,celular_habitual,0.0,22,0,0
5,2,login,BR,celular_habitual,414.67,8,0,0
5,3,login,BR,celular_habitual,0.0,21,0,0
5,4,compra,BR,celular_habitual,0.0,11,0,0
5,5,compra,BR,celular_habitual,0.0,11,0,0
5,6,login,BR,desktop_habitual,19.95,18,0,0
5,7,login,BR,celular_habitual,442.07,20,0,0
5,8,compra_negada,BR,desktop_habitual,0.0,12,0,0
6,0,login,BR,celular_habitual,401.12,14,0,1
6,1,login,BR,celular_habitual,429.3,14,0,1
6,2,login,BR,celular_habitual,435.66,14,0,1
6,3,login,BR,celular_habitual,483.44,15,0,1
6,4,compra_negada,JP,dispositivo_desconhecido,3645.92,0,1,1
6,5,troca_senha,MX,celular_novo,3021.93,0,1,1
6,6,transferencia,AR,dispositivo_desconhecido,9850.24,0,1,1
7,0,login,BR,celular_habitual,403.26,13,0,1
7,1,compra,BR,celular_habitual,156.96,10,0,1
7,2,consulta_saldo,BR,celular_habitual,201.2,16,0,1
7,3,compra,BR,celular_habitual,374.07,12,0,1
7,4,consulta_saldo,BR,celular_habitual,0.0,16,0,1
7,5,login,BR,celular_habitual,220.89,13,0,1
7,6,compra,BR,celular_novo,329.43,16,0,1
7,7,compra_negada,JP,dispositivo_desconhecido,7635.81,5,1,1
7,8,compra_negada,DE,celular_novo,0.0,3,1,1
7,9,transferencia,DE,dispositivo_desconhecido,5968.87,5,1,1
7,10,transferencia,JP,celular_novo,552.68,0,1,1
8,0,login,US,celular_habitual,0.0,14,0,1
8,1,saque,BR,celular_habitual,265.57,17,0,1
8,2,compra_negada,BR,celular_habitual,252.39,21,0,1
8,3,transferencia,BR,celular_habitual,0.0,14,0,1
8,4,transferencia,BR,desktop_habitual,119.62,21,0,1
8,5,login,BR,celular_habitual,270.08,11,0,1
8,6,login,BR,celular_habitual,0.0,20,0,1
8,7,compra,BR,celular_habitual,0.0,20,0,1
8,8,compra,BR,desktop_habitual,0.0,19,0,1
8,9,compra_negada,MX,celular_novo,0.0,3,1,1
8,10,compra_negada,DE,dispositivo_desconhecido,5138.18,2,1,1
9,0,compra,BR,celular_habitual,362.09,21,0,0
9,1,saque,JP,celular_habitual,295.95,7,0,0
9,2,login,BR,desktop_habitual,0.0,15,0,0
9,3,compra,BR,celular_habitual,189.56,20,0,0
9,4,login,BR,celular_habitual,499.95,18,0,0
9,5,login,BR,celular_novo,0.0,7,0,0
9,6,saque,BR,celular_habitual,0.0,11,0,0
9,7,compra,BR,desktop_habitual,128.12,18,0,0
9,8,login,BR,desktop_habitual,0.0,12,0,0
9,9,compra_negada,BR,celular_habitual,338.67,19,0,0
9,10,compra,BR,celular_habitual,313.62,10,0,0
10,0,transferencia,BR,celular_habitual,391.32,18,0,0
10,1,compra,BR,celular_habitual,6.33,20,0,0
10,2,transferencia,BR,celular_novo,414.35,11,0,0
10,3,compra,BR,celular_novo,0.0,22,0,0
10,4,compra,BR,celular_habitual,122.75,9,0,0
10,5,login,BR,desktop_habitual,334.09,17,0,0
10,6,login,BR,celular_habitual,0.0,15,0,0
10,7,compra,BR,desktop_habitual,0.0,7,0,0
10,8,compra,BR,celular_habitual,277.59,14,0,0
11,0,consulta_saldo,BR,celular_habitual,0.0,19,0,1
11,1,consulta_saldo,BR,celular_habitual,265.46,20,0,1
11,2,troca_senha,BR,celular_habitual,153.31,14,0,1
11,3,login,BR,celular_habitual,381.09,12,0,1
11,4,login,BR,celular_habitual,380.1,16,0,1
11,5,compra_negada,BR,celular_habitual,151.13,11,0,1
11,6,login,AR,celular_habitual,63.14,22,0,1
11,7,login,BR,celular_habitual,170.35,8,0,1
11,8,troca_senha,DE,celular_novo,0.0,3,1,1
11,9,troca_senha,JP,desktop_habitual,0.0,4,1,1
11,10,saque,US,celular_novo,4453.65,4,1,1
11,11,compra,US,dispositivo_desconhecido,4705.85,4,1,1
12,0,compra,BR,celular_habitual,473.8,13,0,0
12,1,consulta_saldo,BR,celular_habitual,0.0,9,0,0
12,2,login,BR,celular_habitual,16.32,16,0,0
12,3,consulta_saldo,BR,celular_habitual,461.96,13,0,0
12,4,compra,BR,celular_habitual,413.32,9,0,0
12,5,login,BR,celular_habitual,460.6,21,0,0
12,6,login,BR,celular_habitual,250.24,22,0,0
12,7,compra,BR,desktop_habitual,301.86,7,0,0
12,8,login,AR,desktop_habitual,475.39,15,0,0
12,9,compra,BR,celular_habitual,221.11,15,0,0
12,10,login,BR,celular_habitual,45.62,18,0,0
13,0,compra,BR,desktop_habitual,346.84,16,0,0
13,1,consulta_saldo,BR,desktop_habitual,0.0,9,0,0
13,2,compra,BR,celular_novo,257.3,7,0,0
13,3,consulta_saldo,BR,celular_habitual,0.0,18,0,0
13,4,consulta_saldo,BR,celular_habitual,0.0,15,0,0
13,5,compra,US,celular_habitual,60.71,14,0,0
13,6,consulta_saldo,BR,celular_habitual,112.35,10,0,0
13,7,compra,BR,desktop_habitual,358.3,15,0,0
13,8,compra,BR,celular_habitual,72.32,13,0,0
13,9,saque,BR,desktop_habitual,138.12,20,0,0
13,10,compra,BR,celular_habitual,0.0,16,0,0
14,0,transferencia,BR,celular_habitual,381.44,19,0,0
14,1,compra,BR,celular_habitual,285.9,14,0,0
14,2,transferencia,BR,celular_habitual,456.72,19,0,0
14,3,compra,BR,desktop_habitual,247.66,8,0,0
14,4,login,AR,celular_habitual,0.0,21,0,0
14,5,login,BR,celular_habitual,0.0,11,0,0
14,6,login,BR,celular_habitual,198.74,9,0,0
14,7,transferencia,BR,desktop_habitual,158.33,22,0,0
14,8,transferencia,BR,celular_habitual,460.46,14,0,0
14,9,consulta_saldo,BR,celular_habitual,436.29,21,0,0
14,10,login,BR,celular_habitual,28.06,18,0,0
14,11,compra,BR,celular_habitual,396.26,12,0,0
15,0,login,BR,celular_habitual,0.0,11,0,0
15,1,login,BR,celular_habitual,449.45,21,0,0
15,2,saque,BR,celular_habitual,172.78,16,0,0
15,3,consulta_saldo,BR,celular_habitual,99.61,19,0,0
15,4,transferencia,BR,celular_habitual,147.94,16,0,0
15,5,login,BR,celular_habitual,0.0,8,0,0
15,6,saque,BR,desktop_habitual,387.87,14,0,0
16,0,login,BR,celular_habitual,383.74,11,0,0
16,1,consulta_saldo,BR,celular_habitual,220.41,18,0,0
16,2,consulta_saldo,BR,celular_habitual,87.82,11,0,0
16,3,consulta_saldo,BR,celular_habitual,136.26,12,0,0
16,4,login,BR,celular_habitual,373.28,17,0,0
16,5,transferencia,BR,celular_habitual,112.81,19,0,0
16,6,compra_negada,BR,celular_habitual,6.96,10,0,0
16,7,compra,BR,celular_habitual,411.21,18,0,0
16,8,login,BR,celular_habitual,280.7,14,0,0
16,9,consulta_saldo,BR,celular_habitual,324.62,10,0,0
17,0,saque,BR,celular_habitual,0.0,11,0,1
17,1,compra,BR,desktop_habitual,270.1,11,0,1
17,2,transferencia,BR,desktop_habitual,469.53,15,0,1
17,3,login,BR,celular_habitual,427.73,10,0,1
17,4,compra_negada,BR,desktop_habitual,30.28,15,0,1
17,5,troca_senha,US,dispositivo_desconhecido,6796.3,5,1,1
17,6,transferencia,MX,desktop_habitual,0.0,1,1,1
18,0,login,BR,celular_habitual,0.0,14,0,0
18,1,compra,BR,desktop_habitual,0.0,11,0,0
18,2,compra_negada,BR,desktop_habitual,0.0,7,0,0
18,3,login,BR,desktop_habitual,7.89,15,0,0
18,4,login,BR,celular_habitual,238.12,18,0,0
18,5,compra,BR,celular_habitual,21.68,16,0,0
18,6,compra,AR,celular_habitual,200.81,10,0,0
18,7,compra,BR,celular_habitual,0.0,11,0,0
19,0,login,BR,celular_habitual,190.45,16,0,0
19,1,compra,BR,celular_habitual,426.4,13,0,0
19,2,compra,BR,celular_habitual,199.37,10,0,0
19,3,compra,BR,celular_habitual,343.41,22,0,0
19,4,login,BR,celular_habitual,0.0,18,0,0
19,5,transferencia,BR,celular_habitual,164.82,10,0,0
20,0,transferencia,US,celular_habitual,25.72,16,0,1
20,1,consulta_saldo,BR,celular_habitual,0.0,22,0,1
20,2,login,BR,desktop_habitual,381.3,14,0,1
20,3,transferencia,BR,celular_novo,306.79,7,0,1
20,4,consulta_saldo,BR,celular_habitual,0.0,15,0,1
20,5,consulta_saldo,BR,celular_habitual,0.0,11,0,1
20,6,compra,BR,celular_habitual,15.33,13,0,1
20,7,compra,BR,celular_habitual,162.19,9,0,1
20,8,compra,US,dispositivo_desconhecido,0.0,0,1,1
20,9,troca_senha,JP,dispositivo_desconhecido,3095.09,4,1,1
20,10,troca_senha,JP,celular_novo,5123.01,5,1,1
21,0,login,BR,celular_habitual,0.0,16,0,0
21,1,saque,BR,desktop_habitual,0.0,10,0,0
21,2,login,BR,celular_habitual,351.84,18,0,0
21,3,login,BR,celular_habitual,0.0,9,0,0
21,4,transferencia,BR,celular_habitual,208.85,10,0,0
21,5,compra,AR,celular_habitual,230.05,18,0,0
21,6,login,BR,celular_habitual,261.98,19,0,0
21,7,transferencia,BR,celular_habitual,38.19,10,0,0
21,8,compra,BR,desktop_habitual,479.11,11,0,0
22,0,login,BR,celular_habitual,327.75,12,0,1
22,1,compra_negada,BR,celular_habitual,289.73,17,0,1
22,2,transferencia,BR,celular_habitual,0.0,21,0,1
22,3,consulta_saldo,BR,celular_habitual,37.1,21,0,1
22,4,compra,BR,desktop_habitual,0.0,9,0,1
22,5,consulta_saldo,BR,celular_habitual,395.91,8,0,1
22,6,compra_negada,DE,dispositivo_desconhecido,0.0,3,1,1
22,7,compra_negada,MX,dispositivo_desconhecido,8455.08,5,1,1
23,0,consulta_saldo,BR,desktop_habitual,262.03,12,0,1
23,1,compra,BR,celular_habitual,339.45,8,0,1
23,2,compra,JP,desktop_habitual,0.0,5,1,1
23,3,compra_negada,AR,dispositivo_desconhecido,6225.66,1,1,1
23,4,compra_negada,JP,celular_novo,0.0,5,1,1
23,5,transferencia,JP,dispositivo_desconhecido,3441.03,3,1,1
24,0,consulta_saldo,BR,desktop_habitual,263.2,20,0,1
24,1,compra,BR,celular_habitual,170.87,22,0,1
24,2,login,DE,celular_habitual,0.0,10,0,1
24,3,compra,BR,desktop_habitual,330.96,11,0,1
24,4,compra,BR,celular_habitual,312.37,12,0,1
24,5,consulta_saldo,BR,celular_habitual,484.79,16,0,1
24,6,consulta_saldo,BR,celular_habitual,0.0,22,0,1
24,7,saque,BR,celular_habitual,220.3,16,0,1
24,8,compra,JP,dispositivo_desconhecido,0.0,1,1,1
24,9,compra,US,celular_novo,8804.11,4,1,1
25,0,consulta_saldo,BR,celular_habitual,0.0,12,0,0
25,1,login,BR,celular_habitual,473.21,14,0,0
25,2,transferencia,BR,desktop_habitual,198.23,18,0,0
25,3,login,DE,celular_habitual,0.0,10,0,0
25,4,transferencia,BR,desktop_habitual,0.0,16,0,0
25,5,saque,BR,desktop_habitual,234.56,7,0,0
26,0,login,BR,celular_habitual,263.89,10,0,1
26,1,consulta_saldo,BR,celular_habitual,0.0,21,0,1
26,2,login,BR,celular_habitual,315.98,14,0,1
26,3,consulta_saldo,BR,celular_habitual,285.33,12,0,1
26,4,transferencia,US,dispositivo_desconhecido,0.0,4,1,1
26,5,compra_negada,DE,dispositivo_desconhecido,0.0,3,1,1
27,0,consulta_saldo,JP,celular_habitual,0.0,9,0,0
27,1,compra,BR,celular_habitual,367.59,17,0,0
27,2,login,BR,celular_habitual,415.19,21,0,0
27,3,compra_negada,BR,celular_habitual,0.0,21,0,0
27,4,login,BR,desktop_habitual,157.8,16,0,0
28,0,compra,BR,celular_habitual,0.0,8,0,1
28,1,transferencia,BR,celular_habitual,444.74,21,0,1
28,2,transferencia,BR,celular_novo,248.76,15,0,1
28,3,transferencia,BR,celular_habitual,411.17,16,0,1
28,4,compra,BR,celular_habitual,301.31,20,0,1
28,5,login,BR,celular_habitual,455.8,20,0,1
28,6,login,JP,desktop_habitual,0.0,19,0,1
28,7,compra_negada,DE,dispositivo_desconhecido,1856.4,4,1,1
28,8,transferencia,JP,celular_novo,0.0,5,1,1
28,9,compra_negada,JP,dispositivo_desconhecido,6951.09,2,1,1
28,10,compra_negada,DE,dispositivo_desconhecido,4281.32,5,1,1
29,0,login,BR,desktop_habitual,193.49,10,0,0
29,1,login,BR,celular_habitual,142.79,22,0,0
29,2,login,BR,celular_habitual,0.0,21,0,0
29,3,troca_senha,BR,celular_novo,333.92,9,0,0
29,4,compra,BR,celular_habitual,0.0,12,0,0
29,5,consulta_saldo,BR,celular_habitual,0.0,11,0,0
29,6,login,BR,celular_habitual,233.7,11,0,0
29,7,consulta_saldo,BR,celular_habitual,359.43,20,0,0
29,8,consulta_saldo,BR,celular_habitual,321.17,21,0,0
30,0,consulta_saldo,BR,desktop_habitual,319.9,12,0,0
30,1,consulta_saldo,BR,celular_habitual,415.7,11,0,0
30,2,compra,BR,desktop_habitual,0.0,16,0,0
30,3,transferencia,BR,celular_habitual,62.59,16,0,0
30,4,consulta_saldo,BR,celular_habitual,290.32,12,0,0
30,5,consulta_saldo,BR,celular_habitual,281.81,7,0,0
30,6,login,US,desktop_habitual,0.0,13,0,0
30,7,consulta_saldo,BR,celular_habitual,313.58,16,0,0
30,8,consulta_saldo,BR,celular_habitual,203.05,21,0,0
30,9,login,BR,celular_habitual,102.01,11,0,0
30,10,compra,BR,desktop_habitual,487.69,11,0,0
30,11,consulta_saldo,BR,celular_habitual,0.0,10,0,0
31,0,login,BR,celular_habitual,307.69,14,0,1
31,1,compra_negada,BR,desktop_habitual,360.56,13,0,1
31,2,consulta_saldo,BR,celular_habitual,154.27,7,0,1
31,3,login,BR,celular_habitual,0.0,18,0,1
31,4,login,BR,celular_habitual,336.26,16,0,1
31,5,compra,BR,celular_habitual,363.75,19,0,1
31,6,compra_negada,JP,dispositivo_desconhecido,0.0,4,1,1
31,7,troca_senha,JP,dispositivo_desconhecido,8340.46,4,1,1
31,8,transferencia,US,dispositivo_desconhecido,0.0,2,1,1
32,0,consulta_saldo,BR,celular_habitual,22.65,11,0,0
32,1,consulta_saldo,BR,celular_habitual,0.0,11,0,0
32,2,compra,BR,celular_habitual,369.66,16,0,0
32,3,compra,BR,celular_habitual,281.46,22,0,0
32,4,transferencia,BR,celular_habitual,291.85,7,0,0
32,5,compra,BR,celular_habitual,289.24,14,0,0
32,6,consulta_saldo,BR,celular_habitual,309.87,19,0,0
32,7,login,BR,celular_habitual,54.95,7,0,0
32,8,compra,BR,celular_habitual,0.0,22,0,0
32,9,transferencia,BR,celular_habitual,0.0,13,0,0
33,0,troca_senha,BR,celular_habitual,229.83,17,0,0
33,1,compra,BR,desktop_habitual,401.83,15,0,0
33,2,consulta_saldo,BR,celular_habitual,112.43,16,0,0
33,3,consulta_saldo,BR,celular_habitual,239.9,15,0,0
33,4,login,BR,celular_habitual,197.27,18,0,0
33,5,compra_negada,BR,celular_habitual,0.0,9,0,0
33,6,compra,BR,celular_habitual,101.03,15,0,0
33,7,saque,BR,celular_habitual,293.42,14,0,0
33,8,login,BR,celular_habitual,0.0,10,0,0
33,9,compra,BR,celular_habitual,2.59,12,0,0
34,0,consulta_saldo,BR,celular_habitual,377.96,16,0,0
34,1,compra,BR,desktop_habitual,0.0,14,0,0
34,2,compra,BR,desktop_habitual,87.53,12,0,0
34,3,saque,BR,desktop_habitual,93.16,16,0,0
34,4,transferencia,BR,celular_habitual,0.0,17,0,0
34,5,login,JP,celular_habitual,469.28,21,0,0
34,6,login,BR,celular_habitual,324.14,12,0,0
34,7,login,BR,celular_habitual,96.58,19,0,0
34,8,transferencia,BR,celular_habitual,92.39,11,0,0
34,9,compra,US,celular_habitual,223.37,15,0,0
34,10,compra_negada,BR,desktop_habitual,0.0,18,0,0
35,0,consulta_saldo,BR,celular_habitual,461.55,16,0,1
35,1,consulta_saldo,BR,desktop_habitual,110.42,11,0,1
35,2,compra,BR,celular_novo,350.97,22,0,1
35,3,consulta_saldo,BR,desktop_habitual,340.17,9,0,1
35,4,compra,BR,celular_habitual,56.1,13,0,1
35,5,compra,BR,celular_habitual,58.12,13,0,1
35,6,transferencia,JP,dispositivo_desconhecido,1028.54,1,1,1
35,7,compra_negada,JP,desktop_habitual,8165.7,5,1,1
36,0,compra,BR,desktop_habitual,22.64,18,0,0
36,1,consulta_saldo,BR,celular_habitual,493.07,22,0,0
36,2,login,BR,desktop_habitual,489.17,20,0,0
36,3,compra,BR,celular_habitual,188.75,9,0,0
36,4,consulta_saldo,BR,celular_habitual,173.88,12,0,0
37,0,compra,BR,celular_habitual,0.0,7,0,0
37,1,compra_negada,BR,desktop_habitual,189.64,14,0,0
37,2,login,BR,celular_habitual,362.51,10,0,0
37,3,login,BR,celular_habitual,444.52,14,0,0
37,4,login,BR,celular_habitual,351.64,8,0,0
37,5,login,BR,celular_habitual,377.19,8,0,0
37,6,login,DE,celular_habitual,288.06,17,0,0
37,7,login,BR,celular_novo,206.78,15,0,0
37,8,login,US,desktop_habitual,313.0,20,0,0
37,9,compra,BR,celular_habitual,190.58,17,0,0
37,10,consulta_saldo,BR,celular_habitual,0.0,22,0,0
38,0,transferencia,BR,desktop_habitual,457.37,20,0,0
38,1,compra_negada,BR,celular_habitual,0.0,13,0,0
38,2,compra,BR,celular_habitual,267.82,13,0,0
38,3,login,BR,celular_habitual,0.0,9,0,0
38,4,login,BR,desktop_habitual,239.7,17,0,0
38,5,compra,BR,celular_habitual,0.0,10,0,0
38,6,consulta_saldo,BR,desktop_habitual,351.88,19,0,0
38,7,saque,BR,desktop_habitual,266.83,18,0,0
39,0,compra,BR,celular_habitual,361.21,17,0,1
39,1,saque,BR,celular_habitual,110.64,11,0,1
39,2,login,BR,celular_habitual,147.6,13,0,1
39,3,compra,BR,desktop_habitual,327.3,17,0,1
39,4,login,BR,celular_novo,245.3,12,0,1
39,5,consulta_saldo,BR,celular_habitual,92.02,8,0,1
39,6,compra_negada,DE,desktop_habitual,960.89,0,1,1
39,7,compra_negada,DE,celular_novo,586.84,4,1,1
39,8,compra_negada,US,dispositivo_desconhecido,9171.14,5,1,1
40,0,login,BR,celular_habitual,137.37,16,0,1
40,1,login,BR,celular_habitual,454.89,10,0,1
40,2,saque,BR,celular_habitual,126.21,18,0,1
40,3,login,BR,celular_habitual,282.5,14,0,1
40,4,login,BR,celular_habitual,324.95,8,0,1
40,5,login,BR,celular_habitual,0.0,7,0,1
40,6,consulta_saldo,BR,desktop_habitual,165.64,10,0,1
40,7,transferencia,BR,celular_habitual,346.14,22,0,1
40,8,login,US,celular_habitual,0.0,8,0,1
40,9,login,BR,celular_habitual,0.0,11,0,1
40,10,compra,DE,dispositivo_desconhecido,0.0,1,1,1
40,11,transferencia,JP,dispositivo_desconhecido,5635.34,3,1,1
41,0,consulta_saldo,BR,celular_habitual,172.93,10,0,0
41,1,compra,BR,celular_habitual,477.43,19,0,0
41,2,compra_negada,BR,celular_habitual,225.28,14,0,0
41,3,compra,US,celular_habitual,330.34,9,0,0
41,4,consulta_saldo,BR,celular_habitual,0.0,15,0,0
41,5,login,BR,celular_habitual,158.34,10,0,0
41,6,login,US,celular_habitual,51.12,9,0,0
42,0,compra,BR,celular_habitual,0.0,9,0,0
42,1,compra,BR,celular_habitual,192.62,16,0,0
42,2,compra,BR,desktop_habitual,496.37,14,0,0
42,3,compra,BR,celular_habitual,0.0,16,0,0
42,4,login,BR,celular_habitual,0.0,16,0,0
42,5,compra,BR,celular_habitual,0.0,22,0,0
42,6,compra,BR,celular_habitual,474.41,17,0,0
43,0,transferencia,BR,celular_habitual,429.75,11,0,0
43,1,compra,BR,celular_habitual,88.82,19,0,0
43,2,compra_negada,BR,celular_habitual,287.94,14,0,0
43,3,compra,BR,desktop_habitual,466.03,13,0,0
43,4,compra,BR,celular_habitual,476.5,21,0,0
43,5,saque,BR,desktop_habitual,34.58,20,0,0
43,6,consulta_saldo,BR,celular_habitual,0.0,11,0,0
43,7,consulta_saldo,BR,celular_habitual,239.62,19,0,0
43,8,compra,US,desktop_habitual,18.38,18,0,0
43,9,consulta_saldo,BR,celular_habitual,54.68,14,0,0
43,10,consulta_saldo,BR,celular_habitual,0.0,19,0,0
44,0,compra_negada,BR,celular_habitual,0.0,14,0,0
44,1,compra,BR,desktop_habitual,250.23,18,0,0
44,2,troca_senha,BR,celular_habitual,42.93,11,0,0
44,3,compra,BR,desktop_habitual,174.15,10,0,0
44,4,compra,BR,celular_habitual,405.09,10,0,0
44,5,login,BR,celular_habitual,464.96,14,0,0
44,6,compra,BR,celular_habitual,231.03,19,0,0
44,7,consulta_saldo,BR,celular_habitual,368.69,13,0,0
44,8,compra,BR,celular_habitual,0.0,15,0,0
44,9,consulta_saldo,BR,celular_habitual,0.0,12,0,0
45,0,compra,BR,celular_habitual,263.86,17,0,0
45,1,compra,BR,celular_habitual,422.76,12,0,0
45,2,transferencia,BR,celular_habitual,42.38,11,0,0
45,3,compra,BR,celular_habitual,70.68,19,0,0
45,4,compra,BR,celular_habitual,0.0,12,0,0
45,5,compra,BR,celular_habitual,225.5,8,0,0
45,6,transferencia,US,celular_habitual,0.0,19,0,0
45,7,compra_negada,BR,celular_habitual,207.82,21,0,0
45,8,compra,BR,celular_habitual,146.04,15,0,0
45,9,login,BR,desktop_habitual,386.27,22,0,0
46,0,compra,BR,celular_habitual,271.02,8,0,0
46,1,consulta_saldo,BR,celular_habitual,367.99,14,0,0
46,2,login,DE,celular_habitual,408.36,21,0,0
46,3,transferencia,BR,desktop_habitual,0.0,18,0,0
46,4,transferencia,BR,celular_habitual,392.42,13,0,0
46,5,transferencia,BR,celular_habitual,84.19,16,0,0
47,0,compra,US,celular_habitual,407.59,11,0,0
47,1,compra_negada,BR,desktop_habitual,433.52,11,0,0
47,2,consulta_saldo,BR,celular_habitual,123.78,19,0,0
47,3,compra,BR,celular_habitual,226.0,9,0,0
47,4,compra,BR,celular_habitual,227.35,22,0,0
47,5,compra,BR,desktop_habitual,365.47,21,0,0
47,6,consulta_saldo,BR,desktop_habitual,198.86,20,0,0
47,7,transferencia,BR,celular_habitual,0.0,11,0,0
47,8,compra,BR,celular_habitual,24.2,10,0,0
48,0,login,US,celular_habitual,495.92,20,0,0
48,1,login,BR,celular_habitual,79.49,15,0,0
48,2,login,BR,celular_habitual,324.46,8,0,0
48,3,compra,BR,celular_habitual,0.0,9,0,0
48,4,consulta_saldo,BR,celular_habitual,0.0,14,0,0
48,5,compra,BR,celular_habitual,60.3,20,0,0
48,6,consulta_saldo,BR,celular_habitual,0.0,10,0,0
48,7,login,BR,celular_habitual,406.68,11,0,0
48,8,consulta_saldo,BR,celular_habitual,305.16,12,0,0
48,9,compra,BR,celular_habitual,0.0,20,0,0
48,10,consulta_saldo,BR,celular_habitual,70.01,10,0,0
48,11,compra,BR,celular_novo,69.92,15,0,0
49,0,compra,BR,celular_habitual,345.24,16,0,1
49,1,login,BR,celular_habitual,323.08,14,0,1
49,2,compra,BR,celular_habitual,264.14,7,0,1
49,3,compra_negada,US,celular_habitual,284.19,18,0,1
49,4,compra_negada,US,dispositivo_desconhecido,1193.42,4,1,1
49,5,troca_senha,AR,celular_habitual,0.0,3,1,1
50,0,consulta_saldo,BR,celular_habitual,320.27,11,0,1
50,1,login,BR,celular_habitual,0.0,11,0,1
50,2,compra,BR,celular_habitual,340.53,9,0,1
50,3,compra,BR,celular_novo,0.0,14,0,1
50,4,login,BR,celular_habitual,154.65,12,0,1
50,5,troca_senha,DE,dispositivo_desconhecido,0.0,2,1,1
50,6,compra_negada,DE,dispositivo_desconhecido,0.0,1,1,1
50,7,transferencia,DE,dispositivo_desconhecido,0.0,0,1,1
50,8,compra_negada,JP,dispositivo_desconhecido,0.0,4,1,1
51,0,compra,BR,celular_habitual,83.44,12,0,0
51,1,login,BR,celular_habitual,114.2,7,0,0
51,2,login,BR,celular_habitual,191.49,11,0,0
51,3,login,AR,celular_habitual,357.01,20,0,0
51,4,login,BR,desktop_habitual,413.0,18,0,0
51,5,login,BR,celular_habitual,0.0,8,0,0
52,0,login,BR,celular_habitual,163.65,21,0,0
52,1,login,BR,celular_habitual,311.36,21,0,0
52,2,compra,AR,dispositivo_desconhecido,366.23,14,0,0
52,3,login,US,celular_habitual,317.97,7,0,0
52,4,compra_negada,BR,celular_habitual,363.61,10,0,0
52,5,login,JP,celular_habitual,486.28,11,0,0
52,6,consulta_saldo,BR,desktop_habitual,259.88,18,0,0
52,7,compra,BR,celular_habitual,318.61,19,0,0
52,8,login,BR,celular_habitual,118.39,15,0,0
52,9,transferencia,US,celular_habitual,163.13,21,0,0
52,10,login,BR,celular_habitual,292.35,11,0,0
53,0,login,BR,celular_habitual,482.32,13,0,0
53,1,compra,BR,desktop_habitual,0.0,16,0,0
53,2,transferencia,BR,celular_habitual,163.9,9,0,0
53,3,consulta_saldo,AR,celular_habitual,0.0,16,0,0
53,4,login,DE,celular_habitual,226.1,14,0,0
53,5,login,BR,desktop_habitual,0.0,8,0,0
54,0,login,BR,celular_habitual,322.34,15,0,0
54,1,saque,BR,dispositivo_desconhecido,0.0,21,0,0
54,2,transferencia,BR,desktop_habitual,61.26,21,0,0
54,3,login,US,celular_habitual,248.06,19,0,0
54,4,consulta_saldo,BR,celular_habitual,0.0,15,0,0
54,5,compra,BR,celular_habitual,323.64,22,0,0
54,6,compra,BR,celular_habitual,0.0,11,0,0
54,7,compra,BR,desktop_habitual,0.0,7,0,0
55,0,compra,BR,celular_habitual,251.2,19,0,1
55,1,login,BR,celular_habitual,0.0,15,0,1
55,2,login,DE,celular_habitual,499.8,12,0,1
55,3,login,BR,celular_habitual,458.63,8,0,1
55,4,consulta_saldo,US,celular_habitual,194.21,12,0,1
55,5,login,BR,desktop_habitual,456.99,7,0,1
55,6,consulta_saldo,BR,celular_habitual,0.0,13,0,1
55,7,compra,DE,dispositivo_desconhecido,2167.79,0,1,1
55,8,troca_senha,US,celular_novo,506.49,4,1,1
55,9,troca_senha,US,dispositivo_desconhecido,8520.7,2,1,1
55,10,troca_senha,US,dispositivo_desconhecido,0.0,0,1,1
56,0,compra,US,celular_habitual,0.0,16,0,1
56,1,compra,AR,desktop_habitual,319.63,22,0,1
56,2,consulta_saldo,BR,celular_novo,464.42,18,0,1
56,3,login,BR,celular_habitual,344.25,11,0,1
56,4,login,BR,desktop_habitual,425.38,8,0,1
56,5,login,BR,desktop_habitual,319.82,10,0,1
56,6,saque,BR,desktop_habitual,0.0,17,0,1
56,7,login,BR,celular_habitual,319.55,17,0,1
56,8,compra_negada,AR,celular_novo,0.0,2,1,1
56,9,compra,DE,celular_habitual,4486.71,1,1,1
57,0,transferencia,BR,celular_habitual,394.36,14,0,1
57,1,login,BR,desktop_habitual,0.0,17,0,1
57,2,login,BR,celular_habitual,80.45,9,0,1
57,3,compra,BR,celular_habitual,306.82,22,0,1
57,4,consulta_saldo,BR,celular_habitual,217.1,8,0,1
57,5,login,BR,celular_habitual,361.02,15,0,1
57,6,consulta_saldo,BR,celular_habitual,274.83,22,0,1
57,7,login,BR,celular_habitual,0.0,22,0,1
57,8,troca_senha,BR,celular_novo,0.0,0,1,1
57,9,compra_negada,US,dispositivo_desconhecido,9001.34,2,1,1
57,10,troca_senha,JP,celular_novo,4009.32,3,1,1
58,0,compra,BR,desktop_habitual,75.57,10,0,1
58,1,login,BR,celular_habitual,294.86,8,0,1
58,2,compra,DE,dispositivo_desconhecido,8735.49,3,1,1
58,3,transferencia,US,celular_novo,0.0,5,1,1
58,4,troca_senha,JP,dispositivo_desconhecido,9836.17,1,1,1
59,0,login,JP,celular_novo,63.09,20,0,1
59,1,login,BR,celular_habitual,73.94,15,0,1
59,2,compra,BR,desktop_habitual,0.0,19,0,1
59,3,transferencia,DE,dispositivo_desconhecido,617.46,5,1,1
59,4,transferencia,JP,dispositivo_desconhecido,1907.9,4,1,1
59,5,transferencia,MX,celular_novo,0.0,0,1,1
60,0,transferencia,BR,desktop_habitual,0.0,22,0,0
60,1,compra,BR,celular_habitual,309.12,19,0,0
60,2,login,BR,celular_habitual,0.0,22,0,0
60,3,saque,BR,celular_habitual,151.53,15,0,0
60,4,transferencia,BR,celular_habitual,113.98,16,0,0
60,5,compra_negada,BR,desktop_habitual,0.0,20,0,0
60,6,consulta_saldo,BR,celular_habitual,203.59,22,0,0
60,7,consulta_saldo,BR,desktop_habitual,79.49,16,0,0
60,8,consulta_saldo,BR,desktop_habitual,284.34,12,0,0
61,0,transferencia,BR,celular_habitual,0.0,8,0,0
61,1,saque,BR,celular_habitual,252.56,10,0,0
61,2,consulta_saldo,BR,celular_habitual,480.26,22,0,0
61,3,compra,BR,celular_habitual,374.48,9,0,0
61,4,login,BR,celular_habitual,482.46,14,0,0
61,5,consulta_saldo,BR,celular_habitual,10.03,7,0,0
61,6,compra,BR,celular_habitual,111.89,16,0,0
61,7,consulta_saldo,BR,celular_habitual,425.79,21,0,0
62,0,compra,BR,desktop_habitual,51.16,18,0,1
62,1,compra,BR,celular_habitual,240.87,17,0,1
62,2,compra_negada,BR,desktop_habitual,0.0,16,0,1
62,3,login,BR,celular_habitual,0.0,19,0,1
62,4,consulta_saldo,BR,desktop_habitual,498.73,15,0,1
62,5,saque,BR,desktop_habitual,497.38,13,0,1
62,6,compra,BR,celular_habitual,237.87,18,0,1
62,7,compra_negada,DE,dispositivo_desconhecido,2220.79,0,1,1
62,8,compra_negada,DE,dispositivo_desconhecido,9169.94,5,1,1
63,0,consulta_saldo,BR,celular_habitual,210.24,17,0,0
63,1,compra,BR,celular_habitual,0.0,8,0,0
63,2,transferencia,BR,desktop_habitual,0.0,13,0,0
63,3,compra,BR,celular_habitual,0.0,8,0,0
63,4,transferencia,BR,dispositivo_desconhecido,493.6,21,0,0
63,5,login,BR,celular_habitual,0.0,17,0,0
63,6,consulta_saldo,BR,celular_habitual,0.0,15,0,0
63,7,login,BR,celular_habitual,0.0,9,0,0
63,8,login,BR,celular_habitual,238.7,7,0,0
63,9,login,BR,celular_habitual,0.0,17,0,0
64,0,login,BR,desktop_habitual,0.0,18,0,0
64,1,compra,BR,celular_habitual,32.64,8,0,0
64,2,login,BR,desktop_habitual,168.92,11,0,0
64,3,compra,BR,celular_habitual,0.0,19,0,0
64,4,login,BR,celular_novo,0.0,7,0,0
64,5,compra,BR,celular_habitual,18.68,15,0,0
64,6,consulta_saldo,BR,celular_habitual,0.0,10,0,0
64,7,consulta_saldo,BR,celular_habitual,190.13,15,0,0
65,0,consulta_saldo,BR,celular_habitual,0.0,20,0,0
65,1,consulta_saldo,BR,celular_habitual,68.58,10,0,0
65,2,compra,BR,celular_habitual,248.87,13,0,0
65,3,consulta_saldo,BR,celular_novo,204.88,12,0,0
65,4,login,BR,celular_habitual,165.3,7,0,0
65,5,login,BR,celular_habitual,247.05,9,0,0
65,6,consulta_saldo,BR,desktop_habitual,322.17,21,0,0
65,7,compra_negada,BR,celular_habitual,0.0,12,0,0
65,8,transferencia,BR,celular_habitual,213.0,10,0,0
65,9,login,BR,celular_habitual,331.68,12,0,0
65,10,compra,BR,celular_novo,0.0,9,0,0
65,11,compra,BR,celular_habitual,228.27,19,0,0
66,0,consulta_saldo,BR,desktop_habitual,0.0,8,0,0
66,1,compra_negada,BR,celular_habitual,241.34,21,0,0
66,2,login,BR,celular_habitual,0.0,11,0,0
66,3,compra,BR,desktop_habitual,31.67,17,0,0
66,4,login,BR,celular_habitual,361.89,14,0,0
66,5,compra_negada,BR,celular_habitual,350.29,10,0,0
66,6,compra,BR,celular_habitual,320.7,11,0,0
66,7,transferencia,BR,celular_novo,0.0,12,0,0
66,8,compra,BR,celular_habitual,0.0,22,0,0
66,9,compra,BR,celular_habitual,275.25,19,0,0
66,10,compra,BR,celular_habitual,224.05,22,0,0
66,11,compra,BR,celular_habitual,51.32,20,0,0
67,0,compra,BR,desktop_habitual,318.77,13,0,1
67,1,transferencia,JP,dispositivo_desconhecido,8257.59,3,1,1
67,2,compra_negada,DE,dispositivo_desconhecido,3951.3,3,1,1
67,3,troca_senha,DE,celular_novo,0.0,5,1,1
67,4,saque,AR,dispositivo_desconhecido,934.89,1,1,1
68,0,login,BR,desktop_habitual,0.0,13,0,0
68,1,login,US,celular_habitual,390.71,17,0,0
68,2,login,BR,desktop_habitual,294.41,21,0,0
68,3,compra,BR,celular_habitual,2.17,8,0,0
68,4,compra,BR,celular_habitual,390.54,12,0,0
68,5,consulta_saldo,BR,desktop_habitual,0.0,17,0,0
68,6,compra,BR,celular_novo,381.19,15,0,0
68,7,compra,BR,celular_habitual,69.09,16,0,0
68,8,transferencia,BR,celular_habitual,276.79,13,0,0
68,9,login,BR,celular_habitual,336.19,12,0,0
68,10,compra,BR,celular_habitual,0.0,18,0,0
68,11,compra,BR,desktop_habitual,337.12,16,0,0
69,0,transferencia,BR,celular_habitual,0.0,8,0,0
69,1,login,BR,celular_habitual,0.0,15,0,0
69,2,login,BR,desktop_habitual,0.0,8,0,0
69,3,compra,BR,celular_habitual,280.94,14,0,0
69,4,consulta_saldo,BR,celular_habitual,399.41,16,0,0
69,5,consulta_saldo,BR,celular_habitual,394.06,17,0,0
69,6,compra_negada,BR,desktop_habitual,0.0,21,0,0
69,7,transferencia,BR,desktop_habitual,377.55,13,0,0
69,8,consulta_saldo,AR,celular_habitual,0.0,9,0,0
69,9,login,BR,celular_habitual,214.25,15,0,0
69,10,login,BR,celular_habitual,354.84,11,0,0
70,0,saque,BR,desktop_habitual,421.57,16,0,1
70,1,compra,BR,celular_habitual,158.93,14,0,1
70,2,compra_negada,BR,desktop_habitual,0.0,19,0,1
70,3,troca_senha,US,celular_novo,0.0,2,1,1
70,4,troca_senha,MX,dispositivo_desconhecido,5832.68,5,1,1
71,0,consulta_saldo,BR,desktop_habitual,310.57,8,0,1
71,1,consulta_saldo,BR,desktop_habitual,192.94,16,0,1
71,2,login,BR,desktop_habitual,254.37,22,0,1
71,3,troca_senha,DE,celular_novo,9508.01,1,1,1
71,4,saque,DE,dispositivo_desconhecido,2502.42,5,1,1
72,0,transferencia,BR,celular_habitual,351.37,20,0,0
72,1,consulta_saldo,US,desktop_habitual,0.0,21,0,0
72,2,consulta_saldo,BR,celular_habitual,0.0,15,0,0
72,3,compra,BR,celular_habitual,0.0,19,0,0
72,4,compra,BR,celular_habitual,59.15,7,0,0
72,5,consulta_saldo,BR,desktop_habitual,350.44,9,0,0
72,6,compra,BR,celular_habitual,303.28,16,0,0
72,7,consulta_saldo,BR,celular_habitual,236.99,14,0,0
73,0,consulta_saldo,BR,desktop_habitual,0.0,11,0,0
73,1,login,BR,celular_novo,323.97,7,0,0
73,2,compra,BR,celular_habitual,0.0,19,0,0
73,3,compra,US,celular_habitual,451.77,18,0,0
73,4,login,BR,desktop_habitual,0.0,12,0,0
73,5,login,BR,celular_habitual,0.0,8,0,0
73,6,transferencia,US,dispositivo_desconhecido,274.83,16,0,0
74,0,login,BR,celular_habitual,178.57,14,0,0
74,1,login,BR,desktop_habitual,225.32,16,0,0
74,2,consulta_saldo,BR,celular_habitual,479.33,12,0,0
74,3,login,BR,celular_habitual,218.06,18,0,0
74,4,login,BR,desktop_habitual,179.37,16,0,0
74,5,compra,BR,celular_habitual,0.0,15,0,0
75,0,login,BR,celular_habitual,446.05,7,0,1
75,1,transferencia,BR,desktop_habitual,0.0,8,0,1
75,2,compra,BR,dispositivo_desconhecido,387.6,18,0,1
75,3,compra_negada,DE,dispositivo_desconhecido,1771.87,4,1,1
75,4,compra_negada,JP,dispositivo_desconhecido,8555.83,4,1,1
75,5,transferencia,DE,celular_novo,0.0,4,1,1
75,6,saque,JP,dispositivo_desconhecido,5093.28,2,1,1
76,0,login,BR,celular_habitual,21.4,13,0,0
76,1,compra,BR,celular_habitual,440.78,8,0,0
76,2,compra_negada,BR,desktop_habitual,414.82,15,0,0
76,3,compra,BR,celular_habitual,293.84,9,0,0
76,4,compra,BR,desktop_habitual,176.45,18,0,0
77,0,consulta_saldo,BR,celular_habitual,219.95,14,0,0
77,1,login,BR,celular_habitual,0.0,18,0,0
77,2,consulta_saldo,BR,celular_habitual,165.11,10,0,0
77,3,compra,BR,celular_habitual,0.0,20,0,0
77,4,login,BR,celular_habitual,0.0,8,0,0
77,5,transferencia,BR,celular_habitual,258.32,19,0,0
77,6,compra,BR,celular_habitual,330.87,16,0,0
77,7,saque,BR,celular_habitual,240.83,14,0,0
77,8,transferencia,BR,desktop_habitual,90.94,15,0,0
77,9,login,BR,desktop_habitual,34.42,19,0,0
77,10,compra,BR,celular_habitual,252.18,20,0,0
77,11,transferencia,BR,celular_habitual,299.91,10,0,0
78,0,compra,BR,celular_habitual,448.48,20,0,0
78,1,compra,BR,celular_habitual,114.74,22,0,0
78,2,consulta_saldo,BR,celular_habitual,380.77,10,0,0
78,3,compra,BR,desktop_habitual,41.91,20,0,0
78,4,login,BR,desktop_habitual,0.0,10,0,0
78,5,compra,BR,celular_habitual,204.42,10,0,0
79,0,compra,BR,celular_habitual,282.34,15,0,0
79,1,troca_senha,BR,celular_habitual,278.78,12,0,0
79,2,compra,BR,celular_habitual,172.18,19,0,0
79,3,consulta_saldo,BR,celular_habitual,223.3,12,0,0
79,4,login,BR,desktop_habitual,307.01,8,0,0
79,5,login,AR,celular_habitual,0.0,11,0,0
79,6,compra,BR,celular_habitual,0.0,18,0,0
80,0,consulta_saldo,BR,desktop_habitual,328.09,16,0,0
80,1,consulta_saldo,BR,desktop_habitual,320.15,21,0,0
80,2,login,BR,desktop_habitual,97.37,14,0,0
80,3,consulta_saldo,BR,celular_habitual,487.82,9,0,0
80,4,troca_senha,BR,celular_habitual,293.04,7,0,0
80,5,consulta_saldo,BR,celular_habitual,0.0,18,0,0
81,0,compra_negada,BR,celular_habitual,0.0,19,0,0
81,1,compra,BR,celular_habitual,0.0,9,0,0
81,2,compra,BR,celular_habitual,128.85,15,0,0
81,3,consulta_saldo,AR,celular_habitual,378.74,21,0,0
81,4,consulta_saldo,BR,desktop_habitual,128.91,19,0,0
81,5,consulta_saldo,DE,celular_habitual,0.0,17,0,0
81,6,compra,BR,celular_habitual,131.67,16,0,0
81,7,login,BR,desktop_habitual,0.0,12,0,0
81,8,compra,BR,desktop_habitual,0.0,13,0,0
81,9,compra,BR,desktop_habitual,103.39,13,0,0
82,0,transferencia,BR,desktop_habitual,0.0,9,0,0
82,1,consulta_saldo,BR,celular_habitual,270.74,8,0,0
82,2,transferencia,BR,celular_habitual,440.49,15,0,0
82,3,compra,JP,desktop_habitual,0.0,14,0,0
82,4,consulta_saldo,BR,celular_habitual,469.83,8,0,0
82,5,compra,BR,celular_habitual,0.0,10,0,0
82,6,consulta_saldo,BR,celular_habitual,0.0,13,0,0
82,7,compra,BR,celular_habitual,93.58,15,0,0
83,0,login,US,celular_habitual,0.0,20,0,0
83,1,login,BR,celular_habitual,139.81,12,0,0
83,2,compra,AR,celular_habitual,360.41,14,0,0
83,3,compra,BR,celular_habitual,369.27,22,0,0
83,4,transferencia,BR,celular_habitual,424.69,17,0,0
83,5,consulta_saldo,BR,celular_habitual,199.2,12,0,0
83,6,login,BR,celular_habitual,224.93,17,0,0
83,7,login,BR,celular_habitual,172.07,20,0,0
84,0,compra,BR,celular_habitual,324.93,12,0,0
84,1,compra_negada,BR,celular_habitual,387.37,21,0,0
84,2,transferencia,BR,celular_habitual,72.42,12,0,0
84,3,consulta_saldo,US,celular_habitual,202.39,9,0,0
84,4,login,BR,celular_habitual,355.22,19,0,0
84,5,login,BR,desktop_habitual,293.46,21,0,0
85,0,login,BR,celular_habitual,0.0,15,0,0
85,1,saque,BR,celular_habitual,0.0,10,0,0
85,2,login,US,celular_habitual,0.0,19,0,0
85,3,compra,DE,celular_habitual,42.16,19,0,0
85,4,compra,BR,celular_habitual,65.64,12,0,0
85,5,login,BR,desktop_habitual,238.08,15,0,0
85,6,compra,BR,desktop_habitual,295.42,21,0,0
85,7,consulta_saldo,BR,celular_habitual,319.76,16,0,0
85,8,saque,BR,celular_habitual,0.0,16,0,0
85,9,compra,BR,celular_habitual,0.0,11,0,0
85,10,compra,BR,celular_habitual,473.48,22,0,0
86,0,consulta_saldo,BR,celular_habitual,274.11,13,0,1
86,1,compra,BR,celular_habitual,0.0,19,0,1
86,2,transferencia,BR,celular_habitual,258.31,15,0,1
86,3,login,BR,desktop_habitual,426.74,12,0,1
86,4,login,BR,celular_habitual,350.24,22,0,1
86,5,login,BR,celular_habitual,92.97,10,0,1
86,6,login,BR,celular_habitual,0.0,9,0,1
86,7,troca_senha,JP,dispositivo_desconhecido,0.0,3,1,1
86,8,saque,JP,dispositivo_desconhecido,0.0,1,1,1
87,0,consulta_saldo,BR,celular_habitual,0.0,15,0,1
87,1,transferencia,BR,celular_habitual,124.48,21,0,1
87,2,troca_senha,MX,celular_novo,1392.62,5,1,1
87,3,saque,JP,dispositivo_desconhecido,0.0,2,1,1
87,4,troca_senha,DE,dispositivo_desconhecido,1660.34,3,1,1
88,0,compra,BR,celular_habitual,117.98,20,0,1
88,1,compra,BR,celular_habitual,0.0,14,0,1
88,2,login,BR,desktop_habitual,298.11,18,0,1
88,3,consulta_saldo,BR,celular_habitual,169.21,8,0,1
88,4,login,BR,desktop_habitual,62.91,14,0,1
88,5,compra,BR,celular_habitual,445.9,13,0,1
88,6,login,BR,desktop_habitual,0.0,8,0,1
88,7,compra_negada,JP,celular_novo,2302.87,1,1,1
88,8,compra_negada,AR,dispositivo_desconhecido,6187.46,4,1,1
89,0,login,BR,celular_habitual,0.0,18,0,0
89,1,compra,BR,celular_habitual,441.47,18,0,0
89,2,consulta_saldo,BR,desktop_habitual,269.48,19,0,0
89,3,login,BR,desktop_habitual,0.0,16,0,0
89,4,compra,BR,celular_habitual,33.34,11,0,0
89,5,login,BR,celular_habitual,0.0,8,0,0
89,6,compra,BR,celular_habitual,350.66,15,0,0
90,0,compra,BR,celular_habitual,104.37,22,0,0
90,1,saque,BR,celular_habitual,180.46,20,0,0
90,2,transferencia,BR,celular_habitual,264.51,9,0,0
90,3,transferencia,BR,celular_habitual,50.61,14,0,0
90,4,compra,BR,celular_habitual,0.0,12,0,0
91,0,login,BR,celular_habitual,332.62,10,0,1
91,1,login,BR,celular_habitual,79.09,21,0,1
91,2,saque,BR,celular_habitual,422.43,20,0,1
91,3,consulta_saldo,BR,desktop_habitual,281.57,13,0,1
91,4,compra,BR,desktop_habitual,226.2,19,0,1
91,5,login,BR,celular_habitual,0.0,11,0,1
91,6,troca_senha,BR,celular_habitual,0.0,17,0,1
91,7,troca_senha,DE,dispositivo_desconhecido,0.0,4,1,1
91,8,compra_negada,JP,dispositivo_desconhecido,0.0,3,1,1
91,9,compra_negada,US,dispositivo_desconhecido,2713.44,2,1,1
91,10,troca_senha,JP,dispositivo_desconhecido,7374.02,3,1,1
92,0,transferencia,BR,celular_habitual,297.62,16,0,1
92,1,login,BR,celular_habitual,460.94,17,0,1
92,2,compra,BR,celular_habitual,434.89,14,0,1
92,3,consulta_saldo,BR,desktop_habitual,316.1,8,0,1
92,4,compra_negada,BR,dispositivo_desconhecido,0.0,4,1,1
92,5,transferencia,US,dispositivo_desconhecido,9724.88,4,1,1
92,6,transferencia,US,dispositivo_desconhecido,1906.12,2,1,1
93,0,compra,BR,celular_habitual,0.0,19,0,0
93,1,compra,BR,celular_habitual,0.0,13,0,0
93,2,compra,BR,celular_habitual,367.83,14,0,0
93,3,login,BR,celular_habitual,288.01,10,0,0
93,4,consulta_saldo,BR,celular_habitual,296.94,7,0,0
93,5,consulta_saldo,BR,celular_habitual,401.4,11,0,0
94,0,login,BR,celular_habitual,378.87,9,0,0
94,1,login,BR,desktop_habitual,434.38,16,0,0
94,2,login,BR,celular_habitual,11.37,13,0,0
94,3,consulta_saldo,BR,celular_habitual,274.4,11,0,0
94,4,consulta_saldo,BR,celular_habitual,263.4,15,0,0
94,5,login,BR,desktop_habitual,26.54,7,0,0
94,6,login,BR,celular_habitual,180.11,10,0,0
94,7,login,BR,celular_habitual,0.0,19,0,0
94,8,compra,BR,desktop_habitual,298.55,9,0,0
94,9,login,BR,celular_habitual,10.74,14,0,0
94,10,saque,BR,celular_habitual,9.19,18,0,0
94,11,compra,BR,dispositivo_desconhecido,137.94,8,0,0
95,0,transferencia,BR,desktop_habitual,0.0,15,0,0
95,1,login,BR,celular_habitual,0.0,19,0,0
95,2,compra,BR,desktop_habitual,208.67,11,0,0
95,3,compra,BR,celular_habitual,65.89,11,0,0
95,4,compra,BR,celular_habitual,0.0,11,0,0
95,5,compra,BR,desktop_habitual,282.42,12,0,0
95,6,compra,BR,desktop_habitual,0.0,17,0,0
95,7,transferencia,BR,celular_habitual,486.45,20,0,0
95,8,compra,BR,desktop_habitual,369.17,11,0,0
96,0,login,BR,celular_novo,302.8,14,0,1
96,1,compra,BR,celular_habitual,0.0,22,0,1
96,2,login,BR,celular_habitual,91.99,19,0,1
96,3,compra,BR,celular_habitual,0.0,7,0,1
96,4,saque,US,celular_habitual,101.42,13,0,1
96,5,login,US,celular_novo,244.97,17,0,1
96,6,compra,DE,dispositivo_desconhecido,6275.33,3,1,1
96,7,transferencia,JP,dispositivo_desconhecido,5593.51,5,1,1
97,0,login,BR,desktop_habitual,122.86,19,0,1
97,1,saque,BR,dispositivo_desconhecido,9644.63,1,1,1
97,2,troca_senha,JP,dispositivo_desconhecido,4882.8,3,1,1
97,3,troca_senha,MX,dispositivo_desconhecido,4904.0,5,1,1
97,4,compra_negada,DE,celular_novo,9409.5,5,1,1
98,0,compra,BR,celular_habitual,448.31,13,0,0
98,1,transferencia,BR,celular_habitual,355.73,12,0,0
98,2,consulta_saldo,BR,celular_habitual,181.47,19,0,0
98,3,consulta_saldo,AR,celular_habitual,0.0,19,0,0
98,4,login,BR,celular_habitual,431.34,12,0,0
98,5,transferencia,BR,desktop_habitual,154.76,21,0,0
98,6,login,BR,desktop_habitual,1.77,15,0,0
99,0,compra,BR,celular_habitual,0.0,22,0,0
99,1,login,BR,celular_habitual,39.7,7,0,0
99,2,login,BR,celular_habitual,412.63,8,0,0
99,3,login,BR,celular_habitual,0.0,8,0,0
99,4,consulta_saldo,BR,celular_habitual,24.52,20,0,0
100,0,login,BR,celular_habitual,286.14,12,0,0
100,1,compra_negada,BR,celular_habitual,0.0,16,0,0
100,2,compra,BR,desktop_habitual,421.65,9,0,0
100,3,login,BR,celular_habitual,0.0,20,0,0
100,4,compra,BR,celular_habitual,0.0,9,0,0
100,5,compra,BR,desktop_habitual,143.59,17,0,0
100,6,login,BR,celular_habitual,307.14,22,0,0
101,0,compra,BR,celular_habitual,489.63,7,0,0
101,1,login,BR,desktop_habitual,103.67,20,0,0
101,2,compra,BR,celular_habitual,5.65,13,0,0
101,3,consulta_saldo,BR,celular_habitual,275.0,7,0,0
101,4,login,BR,celular_habitual,480.06,12,0,0
101,5,login,BR,desktop_habitual,237.25,8,0,0
101,6,consulta_saldo,BR,celular_habitual,268.48,17,0,0
101,7,compra,BR,desktop_habitual,0.0,16,0,0
101,8,compra,BR,celular_habitual,0.0,17,0,0
101,9,consulta_saldo,BR,celular_habitual,140.23,7,0,0
101,10,compra,BR,celular_habitual,0.0,19,0,0
101,11,login,BR,desktop_habitual,428.91,8,0,0
102,0,compra,BR,celular_habitual,475.36,13,0,0
102,1,compra,BR,celular_habitual,0.0,13,0,0
102,2,saque,BR,celular_habitual,250.03,13,0,0
102,3,compra,BR,desktop_habitual,163.67,10,0,0
102,4,transferencia,US,celular_habitual,0.0,8,0,0
102,5,compra,BR,celular_habitual,0.0,8,0,0
102,6,consulta_saldo,BR,celular_habitual,23.07,16,0,0
102,7,login,BR,celular_habitual,0.0,13,0,0
102,8,login,BR,celular_habitual,58.83,11,0,0
103,0,login,BR,celular_habitual,103.29,18,0,0
103,1,compra,BR,desktop_habitual,287.04,12,0,0
103,2,login,BR,celular_habitual,65.04,22,0,0
103,3,saque,BR,celular_habitual,0.0,19,0,0
103,4,login,BR,celular_habitual,349.68,18,0,0
103,5,compra,BR,desktop_habitual,266.74,21,0,0
103,6,compra,BR,desktop_habitual,48.63,16,0,0
104,0,compra,US,celular_habitual,129.03,18,0,0
104,1,compra,BR,celular_habitual,441.2,21,0,0
104,2,compra,BR,celular_habitual,422.88,16,0,0
104,3,consulta_saldo,BR,celular_habitual,0.0,10,0,0
104,4,compra,BR,desktop_habitual,200.41,20,0,0
104,5,login,BR,celular_habitual,33.03,13,0,0
104,6,transferencia,BR,desktop_habitual,393.66,14,0,0
104,7,login,BR,desktop_habitual,418.37,10,0,0
104,8,compra,BR,celular_habitual,88.09,19,0,0
104,9,login,BR,desktop_habitual,189.46,22,0,0
104,10,consulta_saldo,BR,celular_habitual,0.0,7,0,0
104,11,consulta_saldo,BR,celular_habitual,0.0,21,0,0
105,0,login,BR,celular_habitual,339.78,20,0,0
105,1,consulta_saldo,BR,dispositivo_desconhecido,305.75,19,0,0
105,2,transferencia,BR,celular_habitual,483.95,7,0,0
105,3,consulta_saldo,BR,celular_habitual,432.84,14,0,0
105,4,compra,BR,celular_habitual,203.02,20,0,0
105,5,compra,BR,celular_habitual,0.0,19,0,0
105,6,transferencia,BR,celular_habitual,0.0,11,0,0
105,7,login,BR,celular_habitual,243.35,20,0,0
106,0,login,BR,celular_habitual,394.46,20,0,0
106,1,consulta_saldo,BR,celular_habitual,192.36,14,0,0
106,2,login,BR,celular_habitual,118.37,15,0,0
106,3,compra,BR,celular_habitual,284.07,18,0,0
106,4,login,BR,celular_habitual,0.0,15,0,0
106,5,compra,BR,desktop_habitual,0.0,22,0,0
106,6,consulta_saldo,BR,celular_habitual,269.6,16,0,0
107,0,compra,BR,celular_habitual,286.98,17,0,1
107,1,compra,AR,desktop_habitual,0.0,8,0,1
107,2,transferencia,JP,dispositivo_desconhecido,2974.21,5,1,1
107,3,compra_negada,US,desktop_habitual,8184.51,4,1,1
107,4,troca_senha,JP,celular_novo,0.0,2,1,1
108,0,consulta_saldo,BR,celular_habitual,301.91,11,0,1
108,1,consulta_saldo,BR,celular_habitual,118.1,12,0,1
108,2,consulta_saldo,BR,celular_habitual,0.0,11,0,1
108,3,compra,BR,desktop_habitual,206.47,19,0,1
108,4,login,BR,celular_habitual,0.0,18,0,1
108,5,login,BR,desktop_habitual,0.0,21,0,1
108,6,compra,BR,desktop_habitual,266.26,19,0,1
108,7,transferencia,JP,celular_novo,4629.98,2,1,1
108,8,saque,JP,dispositivo_desconhecido,6987.32,0,1,1
109,0,saque,BR,celular_novo,459.02,15,0,0
109,1,compra,BR,celular_habitual,195.58,14,0,0
109,2,consulta_saldo,BR,celular_habitual,345.14,12,0,0
109,3,compra,BR,celular_habitual,0.0,20,0,0
109,4,login,BR,celular_habitual,0.0,16,0,0
109,5,login,BR,celular_habitual,0.0,13,0,0
110,0,consulta_saldo,BR,desktop_habitual,0.0,12,0,0
110,1,transferencia,BR,celular_habitual,468.09,21,0,0
110,2,saque,BR,celular_habitual,384.94,17,0,0
110,3,login,BR,celular_habitual,0.0,19,0,0
110,4,compra,BR,celular_novo,0.0,21,0,0
110,5,login,AR,celular_habitual,322.74,10,0,0
111,0,compra,BR,celular_habitual,0.0,21,0,0
111,1,consulta_saldo,BR,celular_habitual,125.3,21,0,0
111,2,login,BR,celular_habitual,0.0,8,0,0
111,3,consulta_saldo,BR,desktop_habitual,287.32,22,0,0
111,4,compra,BR,desktop_habitual,35.05,14,0,0
111,5,login,US,desktop_habitual,283.62,18,0,0
111,6,compra,BR,celular_habitual,323.54,18,0,0
112,0,login,BR,desktop_habitual,88.31,8,0,0
112,1,compra_negada,BR,celular_habitual,53.38,18,0,0
112,2,compra,BR,celular_habitual,0.0,8,0,0
112,3,login,BR,celular_habitual,31.5,16,0,0
112,4,compra,AR,desktop_habitual,8.21,17,0,0
112,5,login,BR,celular_habitual,0.0,21,0,0
112,6,saque,BR,celular_habitual,116.49,9,0,0
112,7,login,BR,celular_habitual,459.01,8,0,0
112,8,login,BR,celular_habitual,452.33,10,0,0
112,9,compra,BR,celular_habitual,53.17,22,0,0
113,0,login,BR,celular_habitual,368.96,19,0,0
113,1,compra,AR,celular_habitual,0.0,13,0,0
113,2,consulta_saldo,BR,celular_habitual,0.0,11,0,0
113,3,consulta_saldo,BR,celular_habitual,0.0,14,0,0
113,4,saque,BR,celular_habitual,306.22,12,0,0
113,5,login,BR,celular_habitual,0.0,9,0,0
113,6,consulta_saldo,BR,celular_habitual,396.12,22,0,0
113,7,consulta_saldo,BR,celular_habitual,206.02,12,0,0
114,0,login,BR,celular_novo,391.29,18,0,1
114,1,compra_negada,JP,celular_novo,9779.52,4,1,1
114,2,compra_negada,DE,dispositivo_desconhecido,0.0,5,1,1
114,3,transferencia,AR,celular_novo,7009.82,3,1,1
114,4,compra_negada,US,dispositivo_desconhecido,0.0,2,1,1
115,0,login,BR,celular_habitual,226.57,10,0,0
115,1,consulta_saldo,US,celular_habitual,242.53,10,0,0
115,2,login,BR,celular_habitual,209.53,17,0,0
115,3,login,BR,celular_habitual,0.0,20,0,0
115,4,transferencia,BR,celular_habitual,242.2,20,0,0
115,5,login,US,celular_habitual,68.2,13,0,0
115,6,consulta_saldo,AR,celular_habitual,0.0,8,0,0
115,7,login,BR,celular_habitual,380.17,14,0,0
115,8,transferencia,BR,desktop_habitual,305.76,12,0,0
116,0,login,BR,celular_habitual,295.79,21,0,0
116,1,login,BR,desktop_habitual,0.0,17,0,0
116,2,compra,BR,desktop_habitual,456.88,7,0,0
116,3,compra,BR,dispositivo_desconhecido,252.11,20,0,0
116,4,compra,BR,desktop_habitual,226.22,14,0,0
116,5,login,BR,celular_habitual,109.0,18,0,0
116,6,login,BR,celular_habitual,152.42,21,0,0
116,7,transferencia,BR,celular_habitual,385.92,19,0,0
117,0,consulta_saldo,BR,celular_habitual,192.44,17,0,1
117,1,compra,BR,desktop_habitual,306.25,13,0,1
117,2,consulta_saldo,BR,desktop_habitual,27.41,18,0,1
117,3,transferencia,BR,celular_habitual,182.79,12,0,1
117,4,transferencia,DE,dispositivo_desconhecido,1814.86,2,1,1
117,5,troca_senha,US,dispositivo_desconhecido,6011.13,5,1,1
117,6,troca_senha,DE,celular_novo,0.0,2,1,1
118,0,login,BR,celular_habitual,263.34,10,0,0
118,1,compra,BR,desktop_habitual,225.99,18,0,0
118,2,consulta_saldo,US,desktop_habitual,32.81,21,0,0
118,3,login,BR,celular_habitual,38.47,12,0,0
118,4,login,BR,celular_habitual,260.34,7,0,0
118,5,login,AR,celular_habitual,0.0,18,0,0
118,6,compra,BR,celular_habitual,0.0,7,0,0
118,7,transferencia,BR,desktop_habitual,205.85,17,0,0
118,8,consulta_saldo,BR,celular_habitual,265.08,21,0,0
118,9,compra,BR,desktop_habitual,394.63,14,0,0
118,10,compra,AR,desktop_habitual,0.0,18,0,0
119,0,compra,BR,desktop_habitual,142.62,12,0,0
119,1,transferencia,BR,celular_habitual,0.0,14,0,0
119,2,login,DE,celular_habitual,184.84,13,0,0
119,3,compra,BR,celular_habitual,186.46,12,0,0
119,4,compra,BR,celular_habitual,384.26,21,0,0
119,5,saque,BR,celular_novo,253.7,16,0,0
119,6,compra,BR,desktop_habitual,286.86,11,0,0
119,7,consulta_saldo,BR,desktop_habitual,56.16,22,0,0
119,8,saque,BR,celular_habitual,200.81,14,0,0
120,0,compra,BR,celular_habitual,0.0,14,0,0
120,1,consulta_saldo,BR,celular_habitual,0.0,21,0,0
120,2,consulta_saldo,US,celular_novo,245.23,8,0,0
120,3,saque,BR,celular_habitual,184.81,18,0,0
120,4,login,BR,celular_habitual,280.52,13,0,0
120,5,consulta_saldo,BR,dispositivo_desconhecido,144.32,20,0,0
120,6,consulta_saldo,BR,desktop_habitual,71.82,16,0,0
120,7,compra,BR,celular_novo,0.0,19,0,0
120,8,login,BR,desktop_habitual,277.91,11,0,0
120,9,login,BR,celular_habitual,411.4,16,0,0
120,10,transferencia,BR,celular_habitual,13.42,7,0,0
120,11,login,BR,celular_habitual,62.09,16,0,0
121,0,login,BR,celular_habitual,0.0,15,0,0
121,1,compra,AR,celular_habitual,240.24,20,0,0
121,2,transferencia,BR,celular_habitual,59.79,7,0,0
121,3,transferencia,BR,celular_habitual,439.16,11,0,0
121,4,compra,BR,celular_habitual,477.58,8,0,0
121,5,login,BR,desktop_habitual,383.22,12,0,0
121,6,consulta_saldo,BR,celular_habitual,158.11,16,0,0
121,7,login,BR,celular_habitual,175.81,11,0,0
121,8,login,BR,celular_habitual,170.16,12,0,0
121,9,login,BR,celular_habitual,0.0,10,0,0
121,10,compra,BR,celular_habitual,0.0,7,0,0
122,0,compra,BR,celular_habitual,493.79,17,0,0
122,1,login,BR,desktop_habitual,0.0,11,0,0
122,2,transferencia,BR,celular_habitual,0.0,11,0,0
122,3,compra_negada,BR,desktop_habitual,0.0,7,0,0
122,4,consulta_saldo,BR,celular_habitual,0.0,8,0,0
122,5,compra,BR,celular_habitual,5.14,10,0,0
122,6,consulta_saldo,US,celular_habitual,92.39,18,0,0
122,7,login,BR,desktop_habitual,0.0,18,0,0
122,8,compra,BR,desktop_habitual,252.45,9,0,0
122,9,login,BR,celular_habitual,0.0,13,0,0
122,10,compra_negada,BR,desktop_habitual,0.0,10,0,0
122,11,saque,US,desktop_habitual,349.07,12,0,0
123,0,consulta_saldo,BR,desktop_habitual,212.05,14,0,0
123,1,compra,BR,celular_habitual,259.86,22,0,0
123,2,consulta_saldo,BR,celular_habitual,0.0,17,0,0
123,3,compra,BR,celular_habitual,343.52,21,0,0
123,4,login,BR,celular_novo,428.39,22,0,0
123,5,saque,BR,celular_habitual,336.05,19,0,0
123,6,compra,BR,celular_habitual,0.0,19,0,0
123,7,consulta_saldo,AR,desktop_habitual,84.36,18,0,0
123,8,compra_negada,BR,celular_habitual,61.38,20,0,0
123,9,consulta_saldo,BR,desktop_habitual,136.49,19,0,0
123,10,compra,BR,celular_novo,255.71,11,0,0
123,11,consulta_saldo,BR,celular_habitual,314.19,11,0,0
124,0,login,BR,celular_habitual,486.04,19,0,0
124,1,consulta_saldo,BR,celular_habitual,380.09,22,0,0
124,2,consulta_saldo,BR,celular_habitual,130.83,17,0,0
124,3,transferencia,BR,celular_habitual,495.36,10,0,0
124,4,compra,BR,celular_habitual,16.43,16,0,0
125,0,compra,BR,desktop_habitual,54.69,22,0,0
125,1,consulta_saldo,BR,celular_habitual,427.18,8,0,0
125,2,compra,BR,celular_novo,176.38,16,0,0
125,3,compra,BR,celular_habitual,174.44,7,0,0
125,4,consulta_saldo,BR,celular_habitual,495.97,20,0,0
125,5,compra,BR,celular_habitual,296.27,9,0,0
125,6,transferencia,BR,celular_habitual,18.69,20,0,0
126,0,login,BR,celular_habitual,188.87,19,0,0
126,1,compra,BR,celular_habitual,102.95,22,0,0
126,2,compra,BR,celular_habitual,181.67,20,0,0
126,3,login,BR,celular_novo,0.0,13,0,0
126,4,login,BR,dispositivo_desconhecido,112.94,9,0,0
126,5,consulta_saldo,BR,celular_habitual,0.0,22,0,0
126,6,compra,BR,celular_habitual,252.32,16,0,0
126,7,compra,BR,celular_habitual,312.48,21,0,0
126,8,consulta_saldo,BR,desktop_habitual,258.11,12,0,0
126,9,compra,BR,celular_novo,233.65,20,0,0
126,10,saque,BR,celular_habitual,0.0,21,0,0
127,0,login,BR,desktop_habitual,205.13,9,0,0
127,1,consulta_saldo,BR,celular_habitual,0.0,12,0,0
127,2,login,BR,celular_habitual,0.0,13,0,0
127,3,login,BR,celular_habitual,495.65,20,0,0
127,4,consulta_saldo,BR,celular_habitual,0.0,15,0,0
127,5,consulta_saldo,BR,celular_habitual,21.12,22,0,0
127,6,consulta_saldo,BR,desktop_habitual,148.99,9,0,0
128,0,transferencia,BR,desktop_habitual,419.91,11,0,0
128,1,login,BR,celular_habitual,0.0,15,0,0
128,2,compra,BR,celular_habitual,156.71,19,0,0
128,3,transferencia,BR,desktop_habitual,0.0,10,0,0
128,4,login,AR,celular_habitual,0.0,8,0,0
128,5,compra,BR,desktop_habitual,211.89,14,0,0
128,6,compra_negada,BR,desktop_habitual,357.84,16,0,0
128,7,login,AR,celular_habitual,331.11,8,0,0
128,8,consulta_saldo,BR,celular_habitual,154.63,18,0,0
128,9,saque,BR,celular_habitual,0.0,21,0,0
128,10,compra,BR,celular_habitual,127.77,9,0,0
129,0,login,BR,desktop_habitual,439.73,20,0,1
129,1,consulta_saldo,BR,celular_habitual,245.85,20,0,1
129,2,saque,BR,celular_habitual,50.2,12,0,1
129,3,consulta_saldo,BR,celular_habitual,406.71,17,0,1
129,4,compra,BR,celular_habitual,315.08,11,0,1
129,5,troca_senha,US,dispositivo_desconhecido,1552.87,1,1,1
129,6,compra_negada,MX,dispositivo_desconhecido,8546.12,5,1,1
129,7,compra_negada,MX,dispositivo_desconhecido,1768.34,1,1,1
130,0,consulta_saldo,BR,celular_habitual,0.0,19,0,0
130,1,saque,BR,celular_habitual,461.56,14,0,0
130,2,saque,AR,celular_habitual,84.38,19,0,0
130,3,consulta_saldo,BR,celular_habitual,85.06,10,0,0
130,4,login,BR,desktop_habitual,413.63,22,0,0
130,5,login,BR,celular_habitual,391.06,16,0,0
130,6,consulta_saldo,BR,celular_habitual,0.0,13,0,0
130,7,troca_senha,BR,celular_habitual,204.26,11,0,0
130,8,login,AR,celular_habitual,124.16,21,0,0
130,9,login,BR,desktop_habitual,198.78,13,0,0
131,0,consulta_saldo,BR,celular_habitual,0.0,8,0,0
131,1,login,US,celular_habitual,303.19,8,0,0
131,2,login,BR,celular_habitual,335.63,11,0,0
131,3,compra_negada,BR,celular_habitual,0.0,22,0,0
131,4,saque,BR,celular_habitual,265.21,11,0,0
131,5,login,BR,celular_novo,486.69,15,0,0
131,6,consulta_saldo,US,celular_habitual,306.47,15,0,0
131,7,compra,BR,celular_habitual,245.64,11,0,0
131,8,compra,US,celular_habitual,94.46,8,0,0
131,9,login,BR,celular_habitual,218.21,22,0,0
131,10,login,BR,desktop_habitual,246.49,11,0,0
132,0,compra,BR,celular_habitual,374.97,15,0,0
132,1,compra,BR,celular_habitual,2.06,12,0,0
132,2,compra,BR,desktop_habitual,443.68,7,0,0
132,3,login,JP,celular_habitual,464.57,10,0,0
132,4,transferencia,BR,celular_habitual,329.77,21,0,0
132,5,consulta_saldo,BR,celular_habitual,21.92,21,0,0
133,0,saque,DE,desktop_habitual,64.66,8,0,0
133,1,transferencia,BR,desktop_habitual,273.58,19,0,0
133,2,login,BR,celular_habitual,199.46,7,0,0
133,3,transferencia,BR,desktop_habitual,0.0,11,0,0
133,4,login,BR,celular_habitual,155.05,11,0,0
133,5,compra,BR,celular_habitual,0.0,21,0,0
133,6,transferencia,BR,celular_habitual,378.25,18,0,0
133,7,consulta_saldo,BR,celular_habitual,0.0,17,0,0
133,8,compra_negada,BR,celular_habitual,465.33,9,0,0
133,9,login,BR,desktop_habitual,74.3,11,0,0
134,0,transferencia,BR,celular_habitual,0.0,9,0,0
134,1,saque,BR,celular_habitual,232.33,15,0,0
134,2,compra,BR,desktop_habitual,0.0,21,0,0
134,3,login,BR,celular_habitual,0.0,16,0,0
134,4,compra,BR,desktop_habitual,403.92,17,0,0
134,5,compra_negada,BR,celular_habitual,0.0,15,0,0
134,6,transferencia,BR,celular_habitual,0.0,10,0,0
134,7,login,BR,celular_habitual,328.86,22,0,0
134,8,compra,BR,celular_habitual,481.57,19,0,0
135,0,login,BR,celular_habitual,348.02,13,0,0
135,1,transferencia,BR,celular_habitual,217.89,13,0,0
135,2,login,BR,celular_habitual,58.23,11,0,0
135,3,consulta_saldo,BR,celular_habitual,0.0,21,0,0
135,4,compra,BR,celular_habitual,25.46,7,0,0
135,5,login,BR,celular_habitual,247.85,16,0,0
135,6,login,BR,celular_habitual,467.64,22,0,0
135,7,login,BR,celular_habitual,276.63,15,0,0
135,8,transferencia,BR,celular_habitual,469.48,18,0,0
136,0,consulta_saldo,BR,celular_habitual,0.0,18,0,0
136,1,compra,BR,celular_habitual,460.87,21,0,0
136,2,login,BR,desktop_habitual,416.54,18,0,0
136,3,consulta_saldo,BR,desktop_habitual,141.23,9,0,0
136,4,consulta_saldo,BR,celular_habitual,50.45,20,0,0
136,5,saque,BR,celular_habitual,499.63,18,0,0
136,6,transferencia,BR,celular_habitual,447.23,8,0,0
136,7,transferencia,BR,celular_habitual,0.0,14,0,0
136,8,compra,DE,desktop_habitual,385.05,15,0,0
136,9,transferencia,BR,desktop_habitual,52.07,8,0,0
136,10,saque,BR,celular_habitual,55.47,10,0,0
136,11,consulta_saldo,BR,desktop_habitual,0.0,8,0,0
137,0,consulta_saldo,BR,desktop_habitual,0.0,16,0,1
137,1,consulta_saldo,BR,celular_habitual,77.15,18,0,1
137,2,compra,BR,desktop_habitual,207.87,7,0,1
137,3,login,BR,celular_habitual,42.62,18,0,1
137,4,transferencia,JP,dispositivo_desconhecido,0.0,4,1,1
137,5,compra_negada,US,dispositivo_desconhecido,4388.44,3,1,1
138,0,saque,BR,desktop_habitual,258.67,9,0,0
138,1,login,BR,celular_novo,0.0,8,0,0
138,2,compra,BR,desktop_habitual,0.0,8,0,0
138,3,compra_negada,JP,desktop_habitual,486.33,20,0,0
138,4,compra,BR,celular_habitual,371.35,18,0,0
138,5,login,BR,celular_habitual,350.15,21,0,0
138,6,consulta_saldo,BR,celular_habitual,221.07,18,0,0
138,7,transferencia,BR,celular_habitual,0.0,16,0,0
138,8,login,BR,celular_habitual,439.94,16,0,0
138,9,login,BR,celular_habitual,317.84,7,0,0
139,0,compra,BR,desktop_habitual,493.48,10,0,1
139,1,transferencia,DE,celular_novo,1676.22,5,1,1
139,2,saque,JP,dispositivo_desconhecido,0.0,2,1,1
139,3,saque,DE,dispositivo_desconhecido,8996.22,5,1,1
139,4,transferencia,DE,celular_novo,0.0,5,1,1
140,0,consulta_saldo,BR,celular_habitual,291.18,18,0,0
140,1,compra,BR,celular_habitual,46.12,20,0,0
140,2,transferencia,BR,celular_habitual,263.13,19,0,0
140,3,transferencia,BR,celular_habitual,344.51,22,0,0
140,4,consulta_saldo,BR,celular_habitual,242.38,21,0,0
140,5,login,BR,desktop_habitual,0.0,13,0,0
140,6,compra,BR,celular_habitual,460.85,10,0,0
141,0,login,BR,celular_habitual,0.0,18,0,1
141,1,compra,BR,celular_habitual,0.0,11,0,1
141,2,login,BR,celular_habitual,444.53,13,0,1
141,3,login,BR,celular_habitual,33.78,8,0,1
141,4,compra,BR,celular_habitual,390.67,22,0,1
141,5,transferencia,BR,celular_habitual,0.0,21,0,1
141,6,consulta_saldo,BR,celular_habitual,44.66,20,0,1
141,7,compra,BR,celular_habitual,0.0,21,0,1
141,8,consulta_saldo,BR,desktop_habitual,286.0,16,0,1
141,9,transferencia,US,dispositivo_desconhecido,0.0,4,1,1
141,10,compra_negada,DE,dispositivo_desconhecido,7630.31,4,1,1
142,0,login,US,celular_habitual,0.0,13,0,0
142,1,login,BR,desktop_habitual,403.46,17,0,0
142,2,compra,BR,desktop_habitual,0.0,20,0,0
142,3,login,BR,celular_habitual,45.51,10,0,0
142,4,compra,BR,celular_habitual,77.11,20,0,0
143,0,consulta_saldo,BR,celular_habitual,0.0,19,0,1
143,1,login,BR,desktop_habitual,0.0,10,0,1
143,2,login,BR,celular_habitual,0.0,19,0,1
143,3,saque,BR,celular_habitual,32.73,7,0,1
143,4,compra,BR,desktop_habitual,0.0,10,0,1
143,5,troca_senha,JP,dispositivo_desconhecido,0.0,3,1,1
143,6,compra_negada,DE,dispositivo_desconhecido,1852.49,4,1,1
144,0,consulta_saldo,BR,celular_habitual,225.87,7,0,0
144,1,transferencia,AR,celular_habitual,83.69,8,0,0
144,2,saque,BR,celular_habitual,190.08,18,0,0
144,3,transferencia,BR,desktop_habitual,0.0,12,0,0
144,4,consulta_saldo,BR,celular_habitual,61.49,11,0,0
144,5,consulta_saldo,DE,desktop_habitual,0.0,17,0,0
144,6,transferencia,US,celular_habitual,353.88,15,0,0
145,0,consulta_saldo,BR,celular_habitual,164.23,11,0,0
145,1,consulta_saldo,BR,celular_habitual,336.35,20,0,0
145,2,compra,BR,celular_habitual,40.57,9,0,0
145,3,compra,BR,desktop_habitual,61.71,19,0,0
145,4,transferencia,BR,celular_habitual,348.52,7,0,0
145,5,login,BR,celular_habitual,0.0,7,0,0
145,6,consulta_saldo,BR,desktop_habitual,0.0,16,0,0
145,7,transferencia,BR,celular_novo,18.4,22,0,0
146,0,login,JP,celular_habitual,0.0,15,0,0
146,1,compra,BR,celular_habitual,282.85,12,0,0
146,2,login,BR,celular_habitual,0.0,14,0,0
146,3,transferencia,BR,celular_habitual,11.56,15,0,0
146,4,consulta_saldo,BR,celular_habitual,336.55,8,0,0
146,5,transferencia,BR,desktop_habitual,60.86,21,0,0
146,6,compra,BR,celular_habitual,23.48,20,0,0
146,7,compra,BR,celular_habitual,440.05,7,0,0
147,0,compra_negada,BR,celular_habitual,0.0,12,0,0
147,1,compra,BR,celular_habitual,0.0,20,0,0
147,2,transferencia,BR,celular_habitual,125.2,10,0,0
147,3,compra,US,desktop_habitual,259.84,14,0,0
147,4,saque,BR,celular_habitual,312.67,10,0,0
147,5,login,BR,celular_habitual,423.85,9,0,0
147,6,consulta_saldo,BR,desktop_habitual,0.0,20,0,0
147,7,login,BR,celular_habitual,0.0,19,0,0
148,0,login,BR,celular_habitual,329.86,7,0,0
148,1,compra,BR,celular_habitual,50.64,7,0,0
148,2,compra,BR,celular_habitual,0.0,9,0,0
148,3,compra,BR,desktop_habitual,0.0,15,0,0
148,4,compra,BR,celular_habitual,0.0,11,0,0
148,5,consulta_saldo,BR,celular_habitual,479.87,18,0,0
148,6,compra,BR,desktop_habitual,0.0,16,0,0
148,7,consulta_saldo,BR,celular_novo,328.84,11,0,0
148,8,login,BR,desktop_habitual,211.03,13,0,0
148,9,compra_negada,BR,celular_habitual,0.0,13,0,0
148,10,consulta_saldo,BR,celular_novo,165.57,17,0,0
149,0,compra,BR,celular_habitual,21.1,14,0,0
149,1,saque,BR,celular_habitual,106.57,22,0,0
149,2,consulta_saldo,US,celular_habitual,102.66,12,0,0
149,3,transferencia,BR,celular_habitual,277.35,11,0,0
149,4,login,BR,celular_habitual,21.95,7,0,0
149,5,login,BR,celular_habitual,0.0,12,0,0
149,6,compra,BR,celular_habitual,0.0,15,0,0
149,7,saque,BR,celular_habitual,393.71,10,0,0
149,8,compra,BR,celular_habitual,186.18,12,0,0
150,0,login,BR,desktop_habitual,95.84,19,0,1
150,1,consulta_saldo,BR,celular_habitual,460.51,13,0,1
150,2,transferencia,BR,celular_habitual,0.0,15,0,1
150,3,transferencia,BR,celular_novo,104.62,9,0,1
150,4,consulta_saldo,BR,celular_habitual,0.0,19,0,1
150,5,consulta_saldo,BR,celular_habitual,232.13,17,0,1
150,6,consulta_saldo,BR,celular_habitual,236.88,19,0,1
150,7,transferencia,DE,dispositivo_desconhecido,0.0,1,1,1
150,8,compra_negada,US,celular_novo,4082.29,1,1,1
150,9,saque,JP,dispositivo_desconhecido,0.0,0,1,1
150,10,troca_senha,JP,celular_novo,0.0,4,1,1
151,0,compra,BR,celular_habitual,136.51,7,0,1
151,1,login,BR,celular_habitual,41.21,9,0,1
151,2,consulta_saldo,US,celular_habitual,0.0,8,0,1
151,3,compra,BR,celular_habitual,0.0,15,0,1
151,4,login,BR,celular_habitual,358.09,15,0,1
151,5,login,BR,desktop_habitual,201.91,19,0,1
151,6,transferencia,BR,celular_habitual,494.64,11,0,1
151,7,compra,US,dispositivo_desconhecido,0.0,1,1,1
151,8,compra_negada,DE,dispositivo_desconhecido,4883.31,0,1,1
151,9,compra_negada,US,dispositivo_desconhecido,2491.06,3,1,1
152,0,login,BR,celular_habitual,249.9,18,0,1
152,1,compra,BR,celular_habitual,389.32,16,0,1
152,2,compra_negada,BR,dispositivo_desconhecido,1960.07,2,1,1
152,3,transferencia,DE,dispositivo_desconhecido,4213.42,3,1,1
152,4,troca_senha,JP,dispositivo_desconhecido,0.0,0,1,1
153,0,compra,BR,desktop_habitual,0.0,10,0,0
153,1,consulta_saldo,BR,desktop_habitual,13.42,13,0,0
153,2,login,AR,celular_habitual,0.0,9,0,0
153,3,compra,BR,celular_habitual,454.91,19,0,0
153,4,login,BR,celular_habitual,34.38,13,0,0
153,5,login,BR,celular_habitual,237.39,16,0,0
153,6,compra,BR,celular_habitual,0.0,7,0,0
153,7,troca_senha,BR,desktop_habitual,123.42,17,0,0
153,8,saque,BR,celular_habitual,368.65,16,0,0
153,9,consulta_saldo,BR,celular_habitual,396.17,19,0,0
154,0,login,BR,desktop_habitual,455.42,12,0,1
154,1,consulta_saldo,BR,celular_habitual,0.0,12,0,1
154,2,login,BR,celular_habitual,349.02,13,0,1
154,3,saque,BR,desktop_habitual,0.0,18,0,1
154,4,troca_senha,US,dispositivo_desconhecido,0.0,3,1,1
154,5,troca_senha,US,celular_habitual,0.0,5,1,1
154,6,transferencia,DE,dispositivo_desconhecido,8629.84,3,1,1
155,0,login,BR,desktop_habitual,374.34,22,0,0
155,1,compra,BR,celular_habitual,218.86,22,0,0
155,2,transferencia,BR,celular_habitual,0.0,10,0,0
155,3,login,BR,desktop_habitual,0.0,7,0,0
155,4,consulta_saldo,BR,celular_habitual,0.0,8,0,0
156,0,compra,BR,celular_habitual,331.27,10,0,0
156,1,compra,BR,celular_habitual,0.0,19,0,0
156,2,consulta_saldo,US,celular_habitual,0.0,9,0,0
156,3,login,BR,celular_habitual,339.98,9,0,0
156,4,login,BR,desktop_habitual,83.94,12,0,0
156,5,login,BR,desktop_habitual,313.39,13,0,0
156,6,saque,BR,celular_habitual,0.0,10,0,0
156,7,compra,BR,celular_habitual,194.59,21,0,0
157,0,login,BR,celular_habitual,33.67,13,0,0
157,1,compra,BR,celular_habitual,356.27,12,0,0
157,2,login,BR,celular_habitual,194.28,11,0,0
157,3,compra,BR,desktop_habitual,425.78,22,0,0
157,4,login,BR,desktop_habitual,255.51,14,0,0
157,5,compra,BR,celular_habitual,0.0,10,0,0
157,6,compra,BR,desktop_habitual,29.96,18,0,0
157,7,compra,BR,celular_habitual,119.03,21,0,0
158,0,login,BR,desktop_habitual,0.0,20,0,0
158,1,consulta_saldo,BR,celular_habitual,165.64,14,0,0
158,2,login,BR,desktop_habitual,400.73,14,0,0
158,3,consulta_saldo,BR,celular_habitual,3.02,22,0,0
158,4,login,BR,celular_habitual,0.0,13,0,0
158,5,login,BR,celular_habitual,102.19,9,0,0
158,6,compra,BR,celular_habitual,0.0,20,0,0
158,7,login,BR,celular_habitual,317.8,15,0,0
158,8,transferencia,BR,celular_novo,188.86,22,0,0
158,9,compra,BR,desktop_habitual,409.8,22,0,0
159,0,consulta_saldo,BR,celular_habitual,150.12,11,0,0
159,1,compra,BR,celular_habitual,141.61,22,0,0
159,2,login,BR,celular_habitual,0.0,13,0,0
159,3,login,BR,desktop_habitual,202.28,20,0,0
159,4,saque,AR,celular_habitual,320.52,9,0,0
160,0,transferencia,DE,celular_habitual,81.18,20,0,0
160,1,compra_negada,BR,desktop_habitual,354.56,18,0,0
160,2,consulta_saldo,BR,desktop_habitual,121.18,8,0,0
160,3,saque,BR,desktop_habitual,0.0,11,0,0
160,4,login,BR,celular_habitual,0.0,12,0,0
160,5,login,BR,celular_habitual,198.83,9,0,0
160,6,compra,BR,celular_habitual,126.44,16,0,0
160,7,compra,BR,desktop_habitual,366.97,9,0,0
160,8,login,BR,desktop_habitual,134.51,13,0,0
160,9,saque,BR,celular_habitual,408.19,7,0,0
160,10,login,BR,celular_habitual,144.17,20,0,0
161,0,login,BR,celular_habitual,251.31,10,0,0
161,1,compra,BR,celular_habitual,0.0,12,0,0
161,2,transferencia,BR,celular_novo,220.37,10,0,0
161,3,transferencia,BR,celular_habitual,138.38,17,0,0
161,4,login,BR,celular_habitual,4.75,15,0,0
161,5,consulta_saldo,BR,celular_habitual,48.42,7,0,0
161,6,compra,BR,celular_novo,0.0,22,0,0
162,0,consulta_saldo,BR,celular_habitual,171.54,17,0,0
162,1,transferencia,US,celular_habitual,28.62,18,0,0
162,2,transferencia,BR,celular_habitual,200.9,11,0,0
162,3,login,BR,celular_habitual,375.72,14,0,0
162,4,compra,BR,celular_habitual,206.56,13,0,0
162,5,login,BR,desktop_habitual,316.89,8,0,0
162,6,compra_negada,BR,celular_habitual,0.0,22,0,0
162,7,compra,BR,celular_habitual,465.74,22,0,0
162,8,compra_negada,BR,desktop_habitual,146.93,13,0,0
162,9,consulta_saldo,BR,desktop_habitual,358.33,8,0,0
162,10,login,BR,celular_habitual,274.37,21,0,0
162,11,login,BR,celular_habitual,120.45,13,0,0
163,0,consulta_saldo,BR,dispositivo_desconhecido,0.0,17,0,1
163,1,saque,BR,celular_habitual,0.0,22,0,1
163,2,compra_negada,BR,celular_habitual,316.77,22,0,1
163,3,troca_senha,JP,dispositivo_desconhecido,7780.21,4,1,1
163,4,troca_senha,AR,dispositivo_desconhecido,7387.77,5,1,1
163,5,transferencia,JP,dispositivo_desconhecido,2623.73,0,1,1
163,6,troca_senha,US,dispositivo_desconhecido,2287.49,0,1,1
164,0,login,BR,celular_habitual,155.4,13,0,0
164,1,transferencia,AR,celular_habitual,339.65,11,0,0
164,2,compra,BR,celular_habitual,269.15,21,0,0
164,3,compra,BR,celular_habitual,0.0,21,0,0
164,4,login,BR,desktop_habitual,413.88,8,0,0
164,5,compra,BR,dispositivo_desconhecido,0.0,22,0,0
164,6,consulta_saldo,BR,celular_habitual,29.41,17,0,0
164,7,login,BR,desktop_habitual,112.54,8,0,0
164,8,saque,BR,desktop_habitual,149.55,12,0,0
164,9,troca_senha,BR,celular_habitual,495.16,19,0,0
165,0,login,BR,celular_habitual,350.55,19,0,0
165,1,login,BR,desktop_habitual,27.06,16,0,0
165,2,compra,BR,celular_habitual,145.54,11,0,0
165,3,login,BR,celular_habitual,181.11,10,0,0
165,4,consulta_saldo,JP,celular_habitual,213.56,12,0,0
165,5,saque,BR,celular_novo,0.0,8,0,0
165,6,login,BR,celular_habitual,74.28,19,0,0
165,7,login,BR,celular_habitual,298.08,12,0,0
165,8,consulta_saldo,BR,celular_habitual,329.26,21,0,0
165,9,transferencia,BR,celular_habitual,183.66,10,0,0
165,10,login,BR,celular_habitual,112.47,22,0,0
166,0,consulta_saldo,BR,celular_habitual,322.3,20,0,1
166,1,login,BR,celular_habitual,431.11,12,0,1
166,2,compra,BR,celular_habitual,391.74,22,0,1
166,3,login,BR,celular_habitual,325.85,13,0,1
166,4,compra_negada,BR,celular_habitual,89.97,21,0,1
166,5,compra,US,celular_novo,0.0,1,1,1
166,6,troca_senha,AR,dispositivo_desconhecido,0.0,0,1,1
166,7,compra_negada,JP,dispositivo_desconhecido,9479.67,0,1,1
166,8,troca_senha,BR,dispositivo_desconhecido,3287.27,4,1,1
167,0,login,BR,celular_habitual,498.4,13,0,0
167,1,consulta_saldo,BR,celular_habitual,0.0,11,0,0
167,2,login,BR,celular_novo,108.02,18,0,0
167,3,login,BR,celular_habitual,130.34,12,0,0
167,4,compra,BR,celular_habitual,347.26,13,0,0
167,5,login,BR,dispositivo_desconhecido,96.31,18,0,0
167,6,compra,BR,celular_habitual,0.0,11,0,0
167,7,compra,BR,celular_habitual,123.75,15,0,0
167,8,login,BR,celular_habitual,0.0,9,0,0
167,9,compra,BR,celular_habitual,112.88,7,0,0
167,10,login,AR,celular_habitual,391.37,10,0,0
167,11,login,BR,celular_habitual,244.81,18,0,0
168,0,login,BR,celular_habitual,375.94,12,0,1
168,1,compra,BR,celular_novo,297.31,19,0,1
168,2,compra,BR,celular_habitual,77.75,11,0,1
168,3,login,BR,celular_habitual,319.6,18,0,1
168,4,consulta_saldo,BR,celular_habitual,91.55,18,0,1
168,5,compra,JP,celular_novo,9445.93,1,1,1
168,6,compra_negada,DE,dispositivo_desconhecido,3471.0,0,1,1
168,7,transferencia,US,celular_novo,0.0,4,1,1
168,8,troca_senha,DE,dispositivo_desconhecido,8806.35,3,1,1
169,0,compra,BR,dispositivo_desconhecido,348.94,19,0,0
169,1,login,BR,desktop_habitual,0.0,20,0,0
169,2,consulta_saldo,BR,celular_habitual,475.43,8,0,0
169,3,consulta_saldo,AR,celular_habitual,261.76,14,0,0
169,4,login,BR,celular_habitual,25.45,22,0,0
169,5,compra,BR,celular_habitual,124.88,10,0,0
169,6,login,BR,celular_habitual,0.0,19,0,0
170,0,saque,US,celular_novo,446.71,21,0,0
170,1,transferencia,BR,celular_habitual,0.0,21,0,0
170,2,compra,BR,celular_habitual,93.08,18,0,0
170,3,login,BR,celular_habitual,449.25,20,0,0
170,4,login,BR,celular_habitual,113.05,19,0,0
170,5,compra,BR,desktop_habitual,134.74,21,0,0
170,6,consulta_saldo,BR,celular_habitual,2.91,13,0,0
170,7,login,BR,celular_habitual,165.61,8,0,0
171,0,consulta_saldo,US,celular_novo,59.4,22,0,0
171,1,compra,BR,desktop_habitual,382.2,19,0,0
171,2,compra,US,desktop_habitual,54.87,10,0,0
171,3,consulta_saldo,BR,celular_habitual,0.0,14,0,0
171,4,login,BR,celular_habitual,4.01,22,0,0
171,5,login,BR,desktop_habitual,0.0,11,0,0
171,6,consulta_saldo,BR,celular_habitual,0.0,15,0,0
172,0,consulta_saldo,BR,celular_habitual,51.53,12,0,0
172,1,login,BR,celular_habitual,0.0,10,0,0
172,2,login,BR,dispositivo_desconhecido,213.15,13,0,0
172,3,login,BR,celular_habitual,316.65,14,0,0
172,4,login,BR,celular_habitual,25.83,10,0,0
172,5,login,BR,celular_habitual,159.92,8,0,0
172,6,login,BR,celular_habitual,142.66,15,0,0
172,7,saque,BR,celular_habitual,181.79,16,0,0
173,0,consulta_saldo,BR,desktop_habitual,0.0,18,0,1
173,1,consulta_saldo,BR,desktop_habitual,185.8,15,0,1
173,2,login,BR,desktop_habitual,0.0,10,0,1
173,3,login,AR,desktop_habitual,96.46,21,0,1
173,4,saque,US,dispositivo_desconhecido,0.0,5,1,1
173,5,compra_negada,DE,dispositivo_desconhecido,0.0,1,1,1
174,0,compra,BR,desktop_habitual,423.04,18,0,0
174,1,transferencia,BR,desktop_habitual,33.85,20,0,0
174,2,compra,US,desktop_habitual,0.0,15,0,0
174,3,consulta_saldo,BR,celular_habitual,397.2,13,0,0
174,4,consulta_saldo,BR,celular_habitual,485.77,12,0,0
174,5,compra,BR,celular_habitual,303.61,13,0,0
174,6,login,BR,celular_habitual,439.58,21,0,0
174,7,compra,BR,celular_habitual,148.18,15,0,0
175,0,login,BR,celular_habitual,0.0,11,0,0
175,1,saque,BR,celular_habitual,25.76,14,0,0
175,2,compra_negada,BR,celular_habitual,316.34,18,0,0
175,3,compra,US,desktop_habitual,0.0,11,0,0
175,4,compra,BR,celular_habitual,0.0,7,0,0
175,5,transferencia,BR,celular_novo,0.0,7,0,0
176,0,consulta_saldo,BR,desktop_habitual,0.0,13,0,0
176,1,transferencia,BR,celular_habitual,403.87,19,0,0
176,2,login,BR,desktop_habitual,451.08,9,0,0
176,3,compra,BR,desktop_habitual,0.0,22,0,0
176,4,saque,BR,celular_habitual,442.63,19,0,0
176,5,consulta_saldo,BR,celular_habitual,227.51,19,0,0
177,0,consulta_saldo,BR,desktop_habitual,0.0,10,0,0
177,1,compra,BR,desktop_habitual,322.24,8,0,0
177,2,login,BR,celular_habitual,299.82,7,0,0
177,3,compra_negada,BR,desktop_habitual,353.73,13,0,0
177,4,login,BR,desktop_habitual,153.69,22,0,0
177,5,login,BR,celular_habitual,61.54,8,0,0
178,0,compra,BR,desktop_habitual,0.61,14,0,0
178,1,login,BR,celular_habitual,112.94,19,0,0
178,2,consulta_saldo,BR,desktop_habitual,495.38,14,0,0
178,3,login,US,celular_habitual,59.18,9,0,0
178,4,transferencia,BR,celular_habitual,299.81,20,0,0
178,5,login,BR,celular_habitual,174.19,10,0,0
179,0,saque,BR,desktop_habitual,355.65,9,0,0
179,1,consulta_saldo,BR,celular_novo,73.29,11,0,0
179,2,compra,BR,desktop_habitual,33.66,20,0,0
179,3,compra_negada,BR,celular_habitual,90.94,19,0,0
179,4,compra,BR,celular_habitual,300.87,17,0,0
179,5,login,US,desktop_habitual,274.67,22,0,0
179,6,compra,BR,celular_habitual,210.92,14,0,0
179,7,consulta_saldo,BR,celular_habitual,8.58,22,0,0
179,8,compra_negada,US,celular_habitual,424.38,11,0,0
180,0,compra,BR,celular_habitual,210.54,13,0,0
180,1,transferencia,BR,celular_habitual,351.98,19,0,0
180,2,consulta_saldo,BR,celular_habitual,0.0,10,0,0
180,3,consulta_saldo,BR,desktop_habitual,15.09,18,0,0
180,4,login,BR,celular_habitual,208.25,12,0,0
180,5,compra,BR,celular_habitual,235.09,17,0,0
180,6,compra,BR,celular_habitual,0.0,8,0,0
180,7,transferencia,BR,desktop_habitual,5.43,20,0,0
180,8,consulta_saldo,BR,celular_habitual,459.58,16,0,0
181,0,saque,BR,celular_habitual,475.54,13,0,1
181,1,compra,BR,celular_habitual,487.99,9,0,1
181,2,transferencia,BR,celular_habitual,413.63,12,0,1
181,3,login,BR,celular_habitual,0.0,10,0,1
181,4,login,BR,desktop_habitual,0.0,16,0,1
181,5,troca_senha,US,celular_novo,0.0,2,1,1
181,6,troca_senha,US,dispositivo_desconhecido,0.0,0,1,1
181,7,saque,JP,dispositivo_desconhecido,933.97,2,1,1
182,0,login,BR,celular_habitual,97.44,19,0,1
182,1,consulta_saldo,AR,desktop_habitual,0.0,20,0,1
182,2,transferencia,BR,celular_habitual,11.84,19,0,1
182,3,compra_negada,DE,celular_habitual,0.0,5,1,1
182,4,compra_negada,DE,desktop_habitual,8901.82,5,1,1
182,5,transferencia,DE,celular_novo,5404.86,5,1,1
183,0,compra,BR,celular_habitual,470.07,8,0,0
183,1,transferencia,BR,celular_habitual,0.0,9,0,0
183,2,compra_negada,BR,dispositivo_desconhecido,0.0,7,0,0
183,3,login,BR,celular_habitual,390.72,9,0,0
183,4,compra,BR,celular_habitual,0.0,9,0,0
183,5,login,BR,celular_habitual,0.0,21,0,0
183,6,login,BR,celular_habitual,325.15,11,0,0
183,7,saque,AR,celular_habitual,143.31,20,0,0
183,8,transferencia,BR,celular_habitual,422.42,17,0,0
183,9,compra,BR,celular_habitual,0.0,8,0,0
184,0,consulta_saldo,BR,desktop_habitual,0.0,10,0,0
184,1,login,BR,celular_habitual,0.0,19,0,0
184,2,transferencia,BR,celular_habitual,267.56,21,0,0
184,3,login,BR,celular_habitual,198.47,20,0,0
184,4,login,BR,celular_habitual,243.15,22,0,0
185,0,compra,BR,desktop_habitual,0.0,13,0,1
185,1,compra,BR,celular_habitual,468.23,18,0,1
185,2,consulta_saldo,AR,celular_habitual,0.0,7,0,1
185,3,saque,JP,celular_novo,1294.12,0,1,1
185,4,troca_senha,US,dispositivo_desconhecido,4487.36,1,1,1
185,5,transferencia,AR,dispositivo_desconhecido,0.0,3,1,1
186,0,compra_negada,BR,celular_habitual,240.81,12,0,0
186,1,compra_negada,BR,desktop_habitual,411.51,13,0,0
186,2,login,BR,celular_habitual,493.18,17,0,0
186,3,login,BR,desktop_habitual,158.2,20,0,0
186,4,login,BR,celular_novo,428.63,21,0,0
186,5,consulta_saldo,BR,celular_habitual,93.83,12,0,0
186,6,consulta_saldo,BR,celular_habitual,0.0,7,0,0
186,7,compra,BR,celular_habitual,409.53,10,0,0
186,8,consulta_saldo,BR,celular_habitual,176.11,20,0,0
186,9,compra,BR,celular_habitual,0.0,20,0,0
187,0,login,BR,celular_habitual,422.55,20,0,0
187,1,consulta_saldo,BR,desktop_habitual,49.61,9,0,0
187,2,transferencia,BR,celular_habitual,205.64,22,0,0
187,3,consulta_saldo,BR,celular_habitual,251.68,8,0,0
187,4,consulta_saldo,BR,celular_habitual,275.79,10,0,0
187,5,login,BR,celular_habitual,457.01,20,0,0
187,6,saque,BR,desktop_habitual,469.81,14,0,0
187,7,compra,BR,celular_habitual,451.34,20,0,0
187,8,consulta_saldo,BR,desktop_habitual,0.0,7,0,0
187,9,login,BR,desktop_habitual,299.97,17,0,0
188,0,troca_senha,BR,celular_novo,0.0,19,0,1
188,1,transferencia,BR,celular_habitual,0.0,19,0,1
188,2,compra_negada,BR,desktop_habitual,218.7,10,0,1
188,3,transferencia,US,celular_novo,4224.12,5,1,1
188,4,saque,DE,celular_novo,0.0,0,1,1
188,5,troca_senha,JP,dispositivo_desconhecido,764.27,5,1,1
188,6,compra_negada,MX,dispositivo_desconhecido,0.0,5,1,1
189,0,consulta_saldo,BR,celular_habitual,110.88,13,0,1
189,1,compra,BR,desktop_habitual,385.2,8,0,1
189,2,login,US,celular_habitual,289.68,10,0,1
189,3,login,US,celular_habitual,0.0,15,0,1
189,4,compra,US,dispositivo_desconhecido,0.0,1,1,1
189,5,compra_negada,JP,celular_habitual,0.0,5,1,1
189,6,troca_senha,JP,dispositivo_desconhecido,0.0,3,1,1
190,0,login,BR,celular_habitual,427.4,10,0,1
190,1,compra_negada,DE,celular_habitual,273.24,12,0,1
190,2,compra,BR,celular_habitual,267.98,11,0,1
190,3,login,BR,desktop_habitual,0.0,11,0,1
190,4,login,BR,desktop_habitual,0.0,22,0,1
190,5,troca_senha,US,dispositivo_desconhecido,4936.92,3,1,1
190,6,compra_negada,MX,dispositivo_desconhecido,0.0,1,1,1
191,0,login,BR,celular_habitual,0.0,13,0,1
191,1,compra_negada,BR,desktop_habitual,373.54,17,0,1
191,2,consulta_saldo,BR,celular_habitual,186.98,9,0,1
191,3,compra,BR,celular_novo,0.0,20,0,1
191,4,login,BR,celular_habitual,176.13,7,0,1
191,5,login,BR,celular_habitual,0.0,14,0,1
191,6,troca_senha,JP,dispositivo_desconhecido,1661.88,2,1,1
191,7,transferencia,DE,celular_novo,3554.83,1,1,1
191,8,transferencia,JP,dispositivo_desconhecido,1477.74,2,1,1
192,0,compra,BR,celular_habitual,406.7,13,0,0
192,1,login,BR,celular_habitual,210.62,10,0,0
192,2,compra,BR,celular_habitual,0.0,7,0,0
192,3,login,BR,desktop_habitual,455.82,16,0,0
192,4,login,AR,celular_habitual,263.76,17,0,0
192,5,consulta_saldo,BR,celular_habitual,361.63,15,0,0
193,0,consulta_saldo,BR,celular_habitual,306.16,19,0,0
193,1,login,JP,celular_habitual,455.24,18,0,0
193,2,saque,BR,celular_habitual,69.37,17,0,0
193,3,transferencia,BR,celular_habitual,0.0,18,0,0
193,4,transferencia,BR,celular_habitual,26.25,8,0,0
193,5,login,US,celular_habitual,306.38,19,0,0
193,6,login,BR,celular_habitual,63.14,11,0,0
193,7,consulta_saldo,BR,celular_novo,223.39,10,0,0
193,8,compra,BR,celular_habitual,140.27,22,0,0
193,9,login,BR,celular_habitual,0.0,14,0,0
194,0,consulta_saldo,BR,celular_habitual,0.0,13,0,0
194,1,compra,BR,celular_habitual,407.0,17,0,0
194,2,consulta_saldo,BR,celular_habitual,0.0,10,0,0
194,3,saque,BR,celular_habitual,433.93,13,0,0
194,4,consulta_saldo,BR,celular_habitual,0.0,16,0,0
194,5,compra_negada,BR,celular_habitual,53.59,10,0,0
194,6,login,BR,celular_habitual,0.0,21,0,0
194,7,compra,BR,celular_habitual,106.03,19,0,0
195,0,compra,BR,celular_habitual,0.0,19,0,0
195,1,consulta_saldo,BR,celular_habitual,297.02,22,0,0
195,2,compra,BR,celular_habitual,0.0,10,0,0
195,3,login,BR,celular_habitual,0.0,9,0,0
195,4,compra,BR,desktop_habitual,202.28,19,0,0
195,5,login,BR,desktop_habitual,0.0,13,0,0
195,6,login,BR,celular_habitual,143.99,7,0,0
195,7,login,BR,desktop_habitual,152.66,14,0,0
195,8,login,BR,celular_habitual,227.61,7,0,0
195,9,consulta_saldo,BR,celular_habitual,440.63,12,0,0
195,10,consulta_saldo,BR,celular_habitual,291.58,22,0,0
196,0,compra,BR,celular_habitual,145.33,14,0,0
196,1,compra,BR,celular_habitual,0.0,16,0,0
196,2,transferencia,BR,celular_habitual,272.86,22,0,0
196,3,login,BR,desktop_habitual,166.87,22,0,0
196,4,login,BR,desktop_habitual,0.0,20,0,0
196,5,transferencia,BR,celular_habitual,122.18,20,0,0
196,6,compra,BR,celular_habitual,319.37,15,0,0
196,7,transferencia,BR,desktop_habitual,479.15,12,0,0
197,0,compra,BR,celular_habitual,138.12,13,0,1
197,1,login,BR,celular_habitual,216.73,21,0,1
197,2,compra,BR,celular_habitual,0.0,7,0,1
197,3,compra,BR,celular_habitual,0.0,16,0,1
197,4,consulta_saldo,BR,celular_habitual,0.0,16,0,1
197,5,troca_senha,BR,celular_novo,1005.34,2,1,1
197,6,troca_senha,JP,dispositivo_desconhecido,0.0,1,1,1
197,7,compra_negada,AR,dispositivo_desconhecido,7804.41,1,1,1
197,8,saque,DE,celular_novo,4604.48,0,1,1
198,0,login,BR,celular_habitual,318.52,20,0,0
198,1,compra,BR,desktop_habitual,298.52,12,0,0
198,2,compra,BR,celular_habitual,341.66,13,0,0
198,3,login,BR,celular_habitual,148.67,21,0,0
198,4,compra,BR,desktop_habitual,69.3,21,0,0
198,5,consulta_saldo,BR,celular_habitual,177.1,21,0,0
198,6,compra,BR,celular_habitual,478.75,20,0,0
198,7,login,BR,desktop_habitual,290.16,18,0,0
198,8,login,BR,celular_habitual,0.0,19,0,0
199,0,compra,BR,desktop_habitual,230.11,8,0,0
199,1,login,BR,celular_novo,0.0,10,0,0
199,2,transferencia,BR,celular_habitual,60.72,8,0,0
199,3,consulta_saldo,BR,celular_habitual,68.2,11,0,0
199,4,compra,BR,celular_novo,0.0,22,0,0
199,5,consulta_saldo,BR,celular_habitual,0.0,10,0,0
199,6,compra,BR,celular_habitual,0.0,21,0,0
